commence_time,home_team,away_team,bookmaker,market_type,name,price,point
2024-12-20T00:00:00Z,Orlando Magic,Oklahoma City Thunder,FanDuel,h2h,Oklahoma City Thunder,1.34,
2024-12-20T00:00:00Z,Orlando Magic,Oklahoma City Thunder,FanDuel,h2h,Orlando Magic,3.4,
2024-12-20T00:00:00Z,Orlando Magic,Oklahoma City Thunder,FanDuel,spreads,Oklahoma City Thunder,1.93,-7.0
2024-12-20T00:00:00Z,Orlando Magic,Oklahoma City Thunder,FanDuel,spreads,Orlando Magic,1.89,7.0
2024-12-20T00:00:00Z,Orlando Magic,Oklahoma City Thunder,FanDuel,totals,Over,1.91,209.5
2024-12-20T00:00:00Z,Orlando Magic,Oklahoma City Thunder,FanDuel,totals,Under,1.91,209.5
2024-12-20T00:00:00Z,Orlando Magic,Oklahoma City Thunder,MyBookie.ag,h2h,Oklahoma City Thunder,1.35,
2024-12-20T00:00:00Z,Orlando Magic,Oklahoma City Thunder,MyBookie.ag,h2h,Orlando Magic,3.21,
2024-12-20T00:00:00Z,Orlando Magic,Oklahoma City Thunder,MyBookie.ag,spreads,Oklahoma City Thunder,1.91,-7.0
2024-12-20T00:00:00Z,Orlando Magic,Oklahoma City Thunder,MyBookie.ag,spreads,Orlando Magic,1.91,7.0
2024-12-20T00:00:00Z,Orlando Magic,Oklahoma City Thunder,MyBookie.ag,totals,Over,1.91,210.5
2024-12-20T00:00:00Z,Orlando Magic,Oklahoma City Thunder,MyBookie.ag,totals,Under,1.91,210.5
2024-12-20T00:00:00Z,Orlando Magic,Oklahoma City Thunder,DraftKings,h2h,Oklahoma City Thunder,1.38,
2024-12-20T00:00:00Z,Orlando Magic,Oklahoma City Thunder,DraftKings,h2h,Orlando Magic,3.15,
2024-12-20T00:00:00Z,Orlando Magic,Oklahoma City Thunder,DraftKings,spreads,Oklahoma City Thunder,1.89,-7.0
2024-12-20T00:00:00Z,Orlando Magic,Oklahoma City Thunder,DraftKings,spreads,Orlando Magic,1.93,7.0
2024-12-20T00:00:00Z,Orlando Magic,Oklahoma City Thunder,DraftKings,totals,Over,1.91,210.0
2024-12-20T00:00:00Z,Orlando Magic,Oklahoma City Thunder,DraftKings,totals,Under,1.91,210.0
2024-12-20T00:00:00Z,Orlando Magic,Oklahoma City Thunder,BetRivers,h2h,Oklahoma City Thunder,1.4,
2024-12-20T00:00:00Z,Orlando Magic,Oklahoma City Thunder,BetRivers,h2h,Orlando Magic,3.05,
2024-12-20T00:00:00Z,Orlando Magic,Oklahoma City Thunder,BetRivers,spreads,Oklahoma City Thunder,1.93,-7.0
2024-12-20T00:00:00Z,Orlando Magic,Oklahoma City Thunder,BetRivers,spreads,Orlando Magic,1.88,7.0
2024-12-20T00:00:00Z,Orlando Magic,Oklahoma City Thunder,BetRivers,totals,Over,1.92,210.0
2024-12-20T00:00:00Z,Orlando Magic,Oklahoma City Thunder,BetRivers,totals,Under,1.89,210.0
2024-12-20T00:00:00Z,Orlando Magic,Oklahoma City Thunder,BetMGM,h2h,Oklahoma City Thunder,1.4,
2024-12-20T00:00:00Z,Orlando Magic,Oklahoma City Thunder,BetMGM,h2h,Orlando Magic,3.0,
2024-12-20T00:00:00Z,Orlando Magic,Oklahoma City Thunder,BetMGM,spreads,Oklahoma City Thunder,1.91,-6.5
2024-12-20T00:00:00Z,Orlando Magic,Oklahoma City Thunder,BetMGM,spreads,Orlando Magic,1.91,6.5
2024-12-20T00:00:00Z,Orlando Magic,Oklahoma City Thunder,BetMGM,totals,Over,1.87,209.5
2024-12-20T00:00:00Z,Orlando Magic,Oklahoma City Thunder,BetMGM,totals,Under,1.95,209.5
2024-12-20T00:00:00Z,Orlando Magic,Oklahoma City Thunder,LowVig.ag,h2h,Oklahoma City Thunder,1.38,
2024-12-20T00:00:00Z,Orlando Magic,Oklahoma City Thunder,LowVig.ag,h2h,Orlando Magic,3.2,
2024-12-20T00:00:00Z,Orlando Magic,Oklahoma City Thunder,LowVig.ag,spreads,Oklahoma City Thunder,1.94,-6.5
2024-12-20T00:00:00Z,Orlando Magic,Oklahoma City Thunder,LowVig.ag,spreads,Orlando Magic,1.94,6.5
2024-12-20T00:00:00Z,Orlando Magic,Oklahoma City Thunder,LowVig.ag,totals,Over,1.93,210.0
2024-12-20T00:00:00Z,Orlando Magic,Oklahoma City Thunder,LowVig.ag,totals,Under,1.93,210.0
2024-12-20T00:00:00Z,Orlando Magic,Oklahoma City Thunder,BetOnline.ag,h2h,Oklahoma City Thunder,1.38,
2024-12-20T00:00:00Z,Orlando Magic,Oklahoma City Thunder,BetOnline.ag,h2h,Orlando Magic,3.2,
2024-12-20T00:00:00Z,Orlando Magic,Oklahoma City Thunder,BetOnline.ag,spreads,Oklahoma City Thunder,1.91,-6.5
2024-12-20T00:00:00Z,Orlando Magic,Oklahoma City Thunder,BetOnline.ag,spreads,Orlando Magic,1.91,6.5
2024-12-20T00:00:00Z,Orlando Magic,Oklahoma City Thunder,BetOnline.ag,totals,Over,1.91,210.0
2024-12-20T00:00:00Z,Orlando Magic,Oklahoma City Thunder,BetOnline.ag,totals,Under,1.91,210.0
2024-12-20T00:00:00Z,Orlando Magic,Oklahoma City Thunder,Bovada,h2h,Oklahoma City Thunder,1.34,
2024-12-20T00:00:00Z,Orlando Magic,Oklahoma City Thunder,Bovada,h2h,Orlando Magic,3.4,
2024-12-20T00:00:00Z,Orlando Magic,Oklahoma City Thunder,Bovada,spreads,Oklahoma City Thunder,1.87,-7.0
2024-12-20T00:00:00Z,Orlando Magic,Oklahoma City Thunder,Bovada,spreads,Orlando Magic,1.95,7.0
2024-12-20T00:00:00Z,Orlando Magic,Oklahoma City Thunder,Bovada,totals,Over,1.91,209.5
2024-12-20T00:00:00Z,Orlando Magic,Oklahoma City Thunder,Bovada,totals,Under,1.91,209.5
2024-12-20T00:00:00Z,Orlando Magic,Oklahoma City Thunder,BetUS,h2h,Oklahoma City Thunder,1.38,
2024-12-20T00:00:00Z,Orlando Magic,Oklahoma City Thunder,BetUS,h2h,Orlando Magic,3.18,
2024-12-20T00:00:00Z,Orlando Magic,Oklahoma City Thunder,BetUS,spreads,Oklahoma City Thunder,1.91,-7.0
2024-12-20T00:00:00Z,Orlando Magic,Oklahoma City Thunder,BetUS,spreads,Orlando Magic,1.91,7.0
2024-12-20T00:00:00Z,Orlando Magic,Oklahoma City Thunder,BetUS,totals,Over,1.91,211.0
2024-12-20T00:00:00Z,Orlando Magic,Oklahoma City Thunder,BetUS,totals,Under,1.91,211.0
2024-12-20T00:10:00Z,Washington Wizards,Charlotte Hornets,FanDuel,h2h,Charlotte Hornets,1.6,
2024-12-20T00:10:00Z,Washington Wizards,Charlotte Hornets,FanDuel,h2h,Washington Wizards,2.42,
2024-12-20T00:10:00Z,Washington Wizards,Charlotte Hornets,FanDuel,spreads,Charlotte Hornets,1.94,-4.0
2024-12-20T00:10:00Z,Washington Wizards,Charlotte Hornets,FanDuel,spreads,Washington Wizards,1.88,4.0
2024-12-20T00:10:00Z,Washington Wizards,Charlotte Hornets,FanDuel,totals,Over,1.93,226.5
2024-12-20T00:10:00Z,Washington Wizards,Charlotte Hornets,FanDuel,totals,Under,1.89,226.5
2024-12-20T00:10:00Z,Washington Wizards,Charlotte Hornets,DraftKings,h2h,Charlotte Hornets,1.57,
2024-12-20T00:10:00Z,Washington Wizards,Charlotte Hornets,DraftKings,h2h,Washington Wizards,2.45,
2024-12-20T00:10:00Z,Washington Wizards,Charlotte Hornets,DraftKings,spreads,Charlotte Hornets,1.89,-4.0
2024-12-20T00:10:00Z,Washington Wizards,Charlotte Hornets,DraftKings,spreads,Washington Wizards,1.93,4.0
2024-12-20T00:10:00Z,Washington Wizards,Charlotte Hornets,DraftKings,totals,Over,1.89,226.5
2024-12-20T00:10:00Z,Washington Wizards,Charlotte Hornets,DraftKings,totals,Under,1.93,226.5
2024-12-20T00:10:00Z,Washington Wizards,Charlotte Hornets,MyBookie.ag,h2h,Charlotte Hornets,1.57,
2024-12-20T00:10:00Z,Washington Wizards,Charlotte Hornets,MyBookie.ag,h2h,Washington Wizards,2.43,
2024-12-20T00:10:00Z,Washington Wizards,Charlotte Hornets,MyBookie.ag,spreads,Charlotte Hornets,1.91,-4.0
2024-12-20T00:10:00Z,Washington Wizards,Charlotte Hornets,MyBookie.ag,spreads,Washington Wizards,1.91,4.0
2024-12-20T00:10:00Z,Washington Wizards,Charlotte Hornets,MyBookie.ag,totals,Over,1.91,226.5
2024-12-20T00:10:00Z,Washington Wizards,Charlotte Hornets,MyBookie.ag,totals,Under,1.91,226.5
2024-12-20T00:10:00Z,Washington Wizards,Charlotte Hornets,BetRivers,h2h,Charlotte Hornets,1.57,
2024-12-20T00:10:00Z,Washington Wizards,Charlotte Hornets,BetRivers,h2h,Washington Wizards,2.45,
2024-12-20T00:10:00Z,Washington Wizards,Charlotte Hornets,BetRivers,spreads,Charlotte Hornets,1.91,-4.0
2024-12-20T00:10:00Z,Washington Wizards,Charlotte Hornets,BetRivers,spreads,Washington Wizards,1.91,4.0
2024-12-20T00:10:00Z,Washington Wizards,Charlotte Hornets,BetRivers,totals,Over,1.92,226.5
2024-12-20T00:10:00Z,Washington Wizards,Charlotte Hornets,BetRivers,totals,Under,1.89,226.5
2024-12-20T00:10:00Z,Washington Wizards,Charlotte Hornets,BetMGM,h2h,Charlotte Hornets,1.61,
2024-12-20T00:10:00Z,Washington Wizards,Charlotte Hornets,BetMGM,h2h,Washington Wizards,2.4,
2024-12-20T00:10:00Z,Washington Wizards,Charlotte Hornets,BetMGM,spreads,Charlotte Hornets,1.91,-3.5
2024-12-20T00:10:00Z,Washington Wizards,Charlotte Hornets,BetMGM,spreads,Washington Wizards,1.91,3.5
2024-12-20T00:10:00Z,Washington Wizards,Charlotte Hornets,BetMGM,totals,Over,1.91,226.5
2024-12-20T00:10:00Z,Washington Wizards,Charlotte Hornets,BetMGM,totals,Under,1.91,226.5
2024-12-20T00:10:00Z,Washington Wizards,Charlotte Hornets,Bovada,h2h,Charlotte Hornets,1.51,
2024-12-20T00:10:00Z,Washington Wizards,Charlotte Hornets,Bovada,h2h,Washington Wizards,2.65,
2024-12-20T00:10:00Z,Washington Wizards,Charlotte Hornets,Bovada,spreads,Charlotte Hornets,1.83,-4.0
2024-12-20T00:10:00Z,Washington Wizards,Charlotte Hornets,Bovada,spreads,Washington Wizards,2.0,4.0
2024-12-20T00:10:00Z,Washington Wizards,Charlotte Hornets,Bovada,totals,Over,1.91,226.5
2024-12-20T00:10:00Z,Washington Wizards,Charlotte Hornets,Bovada,totals,Under,1.91,226.5
2024-12-20T00:10:00Z,Washington Wizards,Charlotte Hornets,BetOnline.ag,h2h,Charlotte Hornets,1.6,
2024-12-20T00:10:00Z,Washington Wizards,Charlotte Hornets,BetOnline.ag,h2h,Washington Wizards,2.48,
2024-12-20T00:10:00Z,Washington Wizards,Charlotte Hornets,BetOnline.ag,spreads,Charlotte Hornets,1.93,-4.0
2024-12-20T00:10:00Z,Washington Wizards,Charlotte Hornets,BetOnline.ag,spreads,Washington Wizards,1.88,4.0
2024-12-20T00:10:00Z,Washington Wizards,Charlotte Hornets,BetOnline.ag,totals,Over,1.91,226.0
2024-12-20T00:10:00Z,Washington Wizards,Charlotte Hornets,BetOnline.ag,totals,Under,1.91,226.0
2024-12-20T00:10:00Z,Washington Wizards,Charlotte Hornets,LowVig.ag,h2h,Charlotte Hornets,1.6,
2024-12-20T00:10:00Z,Washington Wizards,Charlotte Hornets,LowVig.ag,h2h,Washington Wizards,2.48,
2024-12-20T00:10:00Z,Washington Wizards,Charlotte Hornets,LowVig.ag,spreads,Charlotte Hornets,1.97,-4.0
2024-12-20T00:10:00Z,Washington Wizards,Charlotte Hornets,LowVig.ag,spreads,Washington Wizards,1.92,4.0
2024-12-20T00:10:00Z,Washington Wizards,Charlotte Hornets,LowVig.ag,totals,Over,1.93,226.0
2024-12-20T00:10:00Z,Washington Wizards,Charlotte Hornets,LowVig.ag,totals,Under,1.93,226.0
2024-12-20T00:10:00Z,Washington Wizards,Charlotte Hornets,BetUS,h2h,Charlotte Hornets,1.59,
2024-12-20T00:10:00Z,Washington Wizards,Charlotte Hornets,BetUS,h2h,Washington Wizards,2.46,
2024-12-20T00:10:00Z,Washington Wizards,Charlotte Hornets,BetUS,spreads,Charlotte Hornets,1.93,-4.0
2024-12-20T00:10:00Z,Washington Wizards,Charlotte Hornets,BetUS,spreads,Washington Wizards,1.88,4.0
2024-12-20T00:10:00Z,Washington Wizards,Charlotte Hornets,BetUS,totals,Over,1.88,226.0
2024-12-20T00:10:00Z,Washington Wizards,Charlotte Hornets,BetUS,totals,Under,1.93,226.0
2024-12-20T00:10:00Z,Detroit Pistons,Utah Jazz,FanDuel,h2h,Detroit Pistons,1.53,
2024-12-20T00:10:00Z,Detroit Pistons,Utah Jazz,FanDuel,h2h,Utah Jazz,2.6,
2024-12-20T00:10:00Z,Detroit Pistons,Utah Jazz,FanDuel,spreads,Detroit Pistons,1.88,-4.0
2024-12-20T00:10:00Z,Detroit Pistons,Utah Jazz,FanDuel,spreads,Utah Jazz,1.94,4.0
2024-12-20T00:10:00Z,Detroit Pistons,Utah Jazz,FanDuel,totals,Over,1.91,228.5
2024-12-20T00:10:00Z,Detroit Pistons,Utah Jazz,FanDuel,totals,Under,1.91,228.5
2024-12-20T00:10:00Z,Detroit Pistons,Utah Jazz,MyBookie.ag,h2h,Detroit Pistons,1.53,
2024-12-20T00:10:00Z,Detroit Pistons,Utah Jazz,MyBookie.ag,h2h,Utah Jazz,2.52,
2024-12-20T00:10:00Z,Detroit Pistons,Utah Jazz,MyBookie.ag,spreads,Detroit Pistons,1.91,-4.5
2024-12-20T00:10:00Z,Detroit Pistons,Utah Jazz,MyBookie.ag,spreads,Utah Jazz,1.91,4.5
2024-12-20T00:10:00Z,Detroit Pistons,Utah Jazz,MyBookie.ag,totals,Over,1.91,228.5
2024-12-20T00:10:00Z,Detroit Pistons,Utah Jazz,MyBookie.ag,totals,Under,1.91,228.5
2024-12-20T00:10:00Z,Detroit Pistons,Utah Jazz,DraftKings,h2h,Detroit Pistons,1.51,
2024-12-20T00:10:00Z,Detroit Pistons,Utah Jazz,DraftKings,h2h,Utah Jazz,2.64,
2024-12-20T00:10:00Z,Detroit Pistons,Utah Jazz,DraftKings,spreads,Detroit Pistons,1.95,-4.5
2024-12-20T00:10:00Z,Detroit Pistons,Utah Jazz,DraftKings,spreads,Utah Jazz,1.87,4.5
2024-12-20T00:10:00Z,Detroit Pistons,Utah Jazz,DraftKings,totals,Over,1.93,229.0
2024-12-20T00:10:00Z,Detroit Pistons,Utah Jazz,DraftKings,totals,Under,1.89,229.0
2024-12-20T00:10:00Z,Detroit Pistons,Utah Jazz,BetRivers,h2h,Detroit Pistons,1.55,
2024-12-20T00:10:00Z,Detroit Pistons,Utah Jazz,BetRivers,h2h,Utah Jazz,2.5,
2024-12-20T00:10:00Z,Detroit Pistons,Utah Jazz,BetRivers,spreads,Detroit Pistons,1.91,-4.5
2024-12-20T00:10:00Z,Detroit Pistons,Utah Jazz,BetRivers,spreads,Utah Jazz,1.91,4.5
2024-12-20T00:10:00Z,Detroit Pistons,Utah Jazz,BetRivers,totals,Over,1.89,228.5
2024-12-20T00:10:00Z,Detroit Pistons,Utah Jazz,BetRivers,totals,Under,1.92,228.5
2024-12-20T00:10:00Z,Detroit Pistons,Utah Jazz,BetMGM,h2h,Detroit Pistons,1.53,
2024-12-20T00:10:00Z,Detroit Pistons,Utah Jazz,BetMGM,h2h,Utah Jazz,2.55,
2024-12-20T00:10:00Z,Detroit Pistons,Utah Jazz,BetMGM,spreads,Detroit Pistons,1.91,-4.5
2024-12-20T00:10:00Z,Detroit Pistons,Utah Jazz,BetMGM,spreads,Utah Jazz,1.91,4.5
2024-12-20T00:10:00Z,Detroit Pistons,Utah Jazz,BetMGM,totals,Over,1.91,228.5
2024-12-20T00:10:00Z,Detroit Pistons,Utah Jazz,BetMGM,totals,Under,1.91,228.5
2024-12-20T00:10:00Z,Detroit Pistons,Utah Jazz,Bovada,h2h,Detroit Pistons,1.54,
2024-12-20T00:10:00Z,Detroit Pistons,Utah Jazz,Bovada,h2h,Utah Jazz,2.6,
2024-12-20T00:10:00Z,Detroit Pistons,Utah Jazz,Bovada,spreads,Detroit Pistons,1.91,-4.5
2024-12-20T00:10:00Z,Detroit Pistons,Utah Jazz,Bovada,spreads,Utah Jazz,1.91,4.5
2024-12-20T00:10:00Z,Detroit Pistons,Utah Jazz,Bovada,totals,Over,1.91,229.0
2024-12-20T00:10:00Z,Detroit Pistons,Utah Jazz,Bovada,totals,Under,1.91,229.0
2024-12-20T00:10:00Z,Detroit Pistons,Utah Jazz,BetOnline.ag,h2h,Detroit Pistons,1.56,
2024-12-20T00:10:00Z,Detroit Pistons,Utah Jazz,BetOnline.ag,h2h,Utah Jazz,2.6,
2024-12-20T00:10:00Z,Detroit Pistons,Utah Jazz,BetOnline.ag,spreads,Detroit Pistons,1.91,-4.5
2024-12-20T00:10:00Z,Detroit Pistons,Utah Jazz,BetOnline.ag,spreads,Utah Jazz,1.91,4.5
2024-12-20T00:10:00Z,Detroit Pistons,Utah Jazz,BetOnline.ag,totals,Over,1.87,228.5
2024-12-20T00:10:00Z,Detroit Pistons,Utah Jazz,BetOnline.ag,totals,Under,1.95,228.5
2024-12-20T00:10:00Z,Detroit Pistons,Utah Jazz,LowVig.ag,h2h,Detroit Pistons,1.56,
2024-12-20T00:10:00Z,Detroit Pistons,Utah Jazz,LowVig.ag,h2h,Utah Jazz,2.6,
2024-12-20T00:10:00Z,Detroit Pistons,Utah Jazz,LowVig.ag,spreads,Detroit Pistons,1.94,-4.5
2024-12-20T00:10:00Z,Detroit Pistons,Utah Jazz,LowVig.ag,spreads,Utah Jazz,1.94,4.5
2024-12-20T00:10:00Z,Detroit Pistons,Utah Jazz,LowVig.ag,totals,Over,1.88,228.5
2024-12-20T00:10:00Z,Detroit Pistons,Utah Jazz,LowVig.ag,totals,Under,1.98,228.5
2024-12-20T00:10:00Z,Detroit Pistons,Utah Jazz,BetUS,h2h,Detroit Pistons,1.54,
2024-12-20T00:10:00Z,Detroit Pistons,Utah Jazz,BetUS,h2h,Utah Jazz,2.59,
2024-12-20T00:10:00Z,Detroit Pistons,Utah Jazz,BetUS,spreads,Detroit Pistons,1.91,-4.5
2024-12-20T00:10:00Z,Detroit Pistons,Utah Jazz,BetUS,spreads,Utah Jazz,1.91,4.5
2024-12-20T00:10:00Z,Detroit Pistons,Utah Jazz,BetUS,totals,Over,1.87,228.5
2024-12-20T00:10:00Z,Detroit Pistons,Utah Jazz,BetUS,totals,Under,1.95,228.5
2024-12-20T00:40:00Z,Boston Celtics,Chicago Bulls,FanDuel,h2h,Boston Celtics,1.11,
2024-12-20T00:40:00Z,Boston Celtics,Chicago Bulls,FanDuel,h2h,Chicago Bulls,7.4,
2024-12-20T00:40:00Z,Boston Celtics,Chicago Bulls,FanDuel,spreads,Boston Celtics,1.93,-15.0
2024-12-20T00:40:00Z,Boston Celtics,Chicago Bulls,FanDuel,spreads,Chicago Bulls,1.89,15.0
2024-12-20T00:40:00Z,Boston Celtics,Chicago Bulls,FanDuel,totals,Over,1.89,243.0
2024-12-20T00:40:00Z,Boston Celtics,Chicago Bulls,FanDuel,totals,Under,1.93,243.0
2024-12-20T00:40:00Z,Boston Celtics,Chicago Bulls,DraftKings,h2h,Boston Celtics,1.08,
2024-12-20T00:40:00Z,Boston Celtics,Chicago Bulls,DraftKings,h2h,Chicago Bulls,8.5,
2024-12-20T00:40:00Z,Boston Celtics,Chicago Bulls,DraftKings,spreads,Boston Celtics,1.89,-15.0
2024-12-20T00:40:00Z,Boston Celtics,Chicago Bulls,DraftKings,spreads,Chicago Bulls,1.93,15.0
2024-12-20T00:40:00Z,Boston Celtics,Chicago Bulls,DraftKings,totals,Over,1.91,243.0
2024-12-20T00:40:00Z,Boston Celtics,Chicago Bulls,DraftKings,totals,Under,1.91,243.0
2024-12-20T00:40:00Z,Boston Celtics,Chicago Bulls,MyBookie.ag,h2h,Boston Celtics,1.08,
2024-12-20T00:40:00Z,Boston Celtics,Chicago Bulls,MyBookie.ag,h2h,Chicago Bulls,8.04,
2024-12-20T00:40:00Z,Boston Celtics,Chicago Bulls,MyBookie.ag,spreads,Boston Celtics,1.91,-15.0
2024-12-20T00:40:00Z,Boston Celtics,Chicago Bulls,MyBookie.ag,spreads,Chicago Bulls,1.91,15.0
2024-12-20T00:40:00Z,Boston Celtics,Chicago Bulls,MyBookie.ag,totals,Over,1.91,242.5
2024-12-20T00:40:00Z,Boston Celtics,Chicago Bulls,MyBookie.ag,totals,Under,1.91,242.5
2024-12-20T00:40:00Z,Boston Celtics,Chicago Bulls,BetRivers,h2h,Boston Celtics,1.08,
2024-12-20T00:40:00Z,Boston Celtics,Chicago Bulls,BetRivers,h2h,Chicago Bulls,8.5,
2024-12-20T00:40:00Z,Boston Celtics,Chicago Bulls,BetRivers,spreads,Boston Celtics,1.89,-15.0
2024-12-20T00:40:00Z,Boston Celtics,Chicago Bulls,BetRivers,spreads,Chicago Bulls,1.92,15.0
2024-12-20T00:40:00Z,Boston Celtics,Chicago Bulls,BetRivers,totals,Over,1.91,243.0
2024-12-20T00:40:00Z,Boston Celtics,Chicago Bulls,BetRivers,totals,Under,1.91,243.0
2024-12-20T00:40:00Z,Boston Celtics,Chicago Bulls,BetMGM,h2h,Boston Celtics,1.08,
2024-12-20T00:40:00Z,Boston Celtics,Chicago Bulls,BetMGM,h2h,Chicago Bulls,8.5,
2024-12-20T00:40:00Z,Boston Celtics,Chicago Bulls,BetMGM,spreads,Boston Celtics,1.87,-14.5
2024-12-20T00:40:00Z,Boston Celtics,Chicago Bulls,BetMGM,spreads,Chicago Bulls,1.95,14.5
2024-12-20T00:40:00Z,Boston Celtics,Chicago Bulls,BetMGM,totals,Over,1.87,242.5
2024-12-20T00:40:00Z,Boston Celtics,Chicago Bulls,BetMGM,totals,Under,1.95,242.5
2024-12-20T00:40:00Z,Boston Celtics,Chicago Bulls,Bovada,h2h,Boston Celtics,1.08,
2024-12-20T00:40:00Z,Boston Celtics,Chicago Bulls,Bovada,h2h,Chicago Bulls,8.0,
2024-12-20T00:40:00Z,Boston Celtics,Chicago Bulls,Bovada,spreads,Boston Celtics,1.87,-15.0
2024-12-20T00:40:00Z,Boston Celtics,Chicago Bulls,Bovada,spreads,Chicago Bulls,1.95,15.0
2024-12-20T00:40:00Z,Boston Celtics,Chicago Bulls,Bovada,totals,Over,1.91,243.0
2024-12-20T00:40:00Z,Boston Celtics,Chicago Bulls,Bovada,totals,Under,1.91,243.0
2024-12-20T00:40:00Z,Boston Celtics,Chicago Bulls,LowVig.ag,h2h,Boston Celtics,1.08,
2024-12-20T00:40:00Z,Boston Celtics,Chicago Bulls,LowVig.ag,h2h,Chicago Bulls,8.5,
2024-12-20T00:40:00Z,Boston Celtics,Chicago Bulls,LowVig.ag,spreads,Boston Celtics,1.97,-15.0
2024-12-20T00:40:00Z,Boston Celtics,Chicago Bulls,LowVig.ag,spreads,Chicago Bulls,1.92,15.0
2024-12-20T00:40:00Z,Boston Celtics,Chicago Bulls,LowVig.ag,totals,Over,1.93,243.0
2024-12-20T00:40:00Z,Boston Celtics,Chicago Bulls,LowVig.ag,totals,Under,1.93,243.0
2024-12-20T00:40:00Z,Boston Celtics,Chicago Bulls,BetOnline.ag,h2h,Boston Celtics,1.08,
2024-12-20T00:40:00Z,Boston Celtics,Chicago Bulls,BetOnline.ag,h2h,Chicago Bulls,8.5,
2024-12-20T00:40:00Z,Boston Celtics,Chicago Bulls,BetOnline.ag,spreads,Boston Celtics,1.93,-15.0
2024-12-20T00:40:00Z,Boston Celtics,Chicago Bulls,BetOnline.ag,spreads,Chicago Bulls,1.88,15.0
2024-12-20T00:40:00Z,Boston Celtics,Chicago Bulls,BetOnline.ag,totals,Over,1.91,243.0
2024-12-20T00:40:00Z,Boston Celtics,Chicago Bulls,BetOnline.ag,totals,Under,1.91,243.0
2024-12-20T00:40:00Z,Boston Celtics,Chicago Bulls,BetUS,h2h,Boston Celtics,1.08,
2024-12-20T00:40:00Z,Boston Celtics,Chicago Bulls,BetUS,h2h,Chicago Bulls,8.5,
2024-12-20T00:40:00Z,Boston Celtics,Chicago Bulls,BetUS,spreads,Boston Celtics,1.91,-14.5
2024-12-20T00:40:00Z,Boston Celtics,Chicago Bulls,BetUS,spreads,Chicago Bulls,1.91,14.5
2024-12-20T00:40:00Z,Boston Celtics,Chicago Bulls,BetUS,totals,Over,1.95,243.0
2024-12-20T00:40:00Z,Boston Celtics,Chicago Bulls,BetUS,totals,Under,1.87,243.0
2024-12-20T00:40:00Z,Toronto Raptors,Brooklyn Nets,DraftKings,h2h,Brooklyn Nets,2.42,
2024-12-20T00:40:00Z,Toronto Raptors,Brooklyn Nets,DraftKings,h2h,Toronto Raptors,1.59,
2024-12-20T00:40:00Z,Toronto Raptors,Brooklyn Nets,DraftKings,spreads,Brooklyn Nets,1.89,4.0
2024-12-20T00:40:00Z,Toronto Raptors,Brooklyn Nets,DraftKings,spreads,Toronto Raptors,1.93,-4.0
2024-12-20T00:40:00Z,Toronto Raptors,Brooklyn Nets,DraftKings,totals,Over,1.93,219.5
2024-12-20T00:40:00Z,Toronto Raptors,Brooklyn Nets,DraftKings,totals,Under,1.89,219.5
2024-12-20T00:40:00Z,Toronto Raptors,Brooklyn Nets,MyBookie.ag,h2h,Brooklyn Nets,2.43,
2024-12-20T00:40:00Z,Toronto Raptors,Brooklyn Nets,MyBookie.ag,h2h,Toronto Raptors,1.57,
2024-12-20T00:40:00Z,Toronto Raptors,Brooklyn Nets,MyBookie.ag,spreads,Brooklyn Nets,1.91,4.0
2024-12-20T00:40:00Z,Toronto Raptors,Brooklyn Nets,MyBookie.ag,spreads,Toronto Raptors,1.91,-4.0
2024-12-20T00:40:00Z,Toronto Raptors,Brooklyn Nets,MyBookie.ag,totals,Over,1.91,219.0
2024-12-20T00:40:00Z,Toronto Raptors,Brooklyn Nets,MyBookie.ag,totals,Under,1.91,219.0
2024-12-20T00:40:00Z,Toronto Raptors,Brooklyn Nets,FanDuel,h2h,Brooklyn Nets,2.44,
2024-12-20T00:40:00Z,Toronto Raptors,Brooklyn Nets,FanDuel,h2h,Toronto Raptors,1.58,
2024-12-20T00:40:00Z,Toronto Raptors,Brooklyn Nets,FanDuel,spreads,Brooklyn Nets,1.95,3.5
2024-12-20T00:40:00Z,Toronto Raptors,Brooklyn Nets,FanDuel,spreads,Toronto Raptors,1.87,-3.5
2024-12-20T00:40:00Z,Toronto Raptors,Brooklyn Nets,FanDuel,totals,Over,1.93,219.0
2024-12-20T00:40:00Z,Toronto Raptors,Brooklyn Nets,FanDuel,totals,Under,1.89,219.0
2024-12-20T00:40:00Z,Toronto Raptors,Brooklyn Nets,BetRivers,h2h,Brooklyn Nets,2.45,
2024-12-20T00:40:00Z,Toronto Raptors,Brooklyn Nets,BetRivers,h2h,Toronto Raptors,1.57,
2024-12-20T00:40:00Z,Toronto Raptors,Brooklyn Nets,BetRivers,spreads,Brooklyn Nets,1.88,4.0
2024-12-20T00:40:00Z,Toronto Raptors,Brooklyn Nets,BetRivers,spreads,Toronto Raptors,1.93,-4.0
2024-12-20T00:40:00Z,Toronto Raptors,Brooklyn Nets,BetRivers,totals,Over,1.92,219.0
2024-12-20T00:40:00Z,Toronto Raptors,Brooklyn Nets,BetRivers,totals,Under,1.89,219.0
2024-12-20T00:40:00Z,Toronto Raptors,Brooklyn Nets,BetMGM,h2h,Brooklyn Nets,2.4,
2024-12-20T00:40:00Z,Toronto Raptors,Brooklyn Nets,BetMGM,h2h,Toronto Raptors,1.61,
2024-12-20T00:40:00Z,Toronto Raptors,Brooklyn Nets,BetMGM,spreads,Brooklyn Nets,1.95,3.5
2024-12-20T00:40:00Z,Toronto Raptors,Brooklyn Nets,BetMGM,spreads,Toronto Raptors,1.87,-3.5
2024-12-20T00:40:00Z,Toronto Raptors,Brooklyn Nets,BetMGM,totals,Over,1.91,219.5
2024-12-20T00:40:00Z,Toronto Raptors,Brooklyn Nets,BetMGM,totals,Under,1.91,219.5
2024-12-20T00:40:00Z,Toronto Raptors,Brooklyn Nets,LowVig.ag,h2h,Brooklyn Nets,2.5,
2024-12-20T00:40:00Z,Toronto Raptors,Brooklyn Nets,LowVig.ag,h2h,Toronto Raptors,1.59,
2024-12-20T00:40:00Z,Toronto Raptors,Brooklyn Nets,LowVig.ag,spreads,Brooklyn Nets,1.94,4.0
2024-12-20T00:40:00Z,Toronto Raptors,Brooklyn Nets,LowVig.ag,spreads,Toronto Raptors,1.94,-4.0
2024-12-20T00:40:00Z,Toronto Raptors,Brooklyn Nets,LowVig.ag,totals,Over,1.93,219.0
2024-12-20T00:40:00Z,Toronto Raptors,Brooklyn Nets,LowVig.ag,totals,Under,1.93,219.0
2024-12-20T00:40:00Z,Toronto Raptors,Brooklyn Nets,BetOnline.ag,h2h,Brooklyn Nets,2.5,
2024-12-20T00:40:00Z,Toronto Raptors,Brooklyn Nets,BetOnline.ag,h2h,Toronto Raptors,1.59,
2024-12-20T00:40:00Z,Toronto Raptors,Brooklyn Nets,BetOnline.ag,spreads,Brooklyn Nets,1.91,4.0
2024-12-20T00:40:00Z,Toronto Raptors,Brooklyn Nets,BetOnline.ag,spreads,Toronto Raptors,1.91,-4.0
2024-12-20T00:40:00Z,Toronto Raptors,Brooklyn Nets,BetOnline.ag,totals,Over,1.91,219.0
2024-12-20T00:40:00Z,Toronto Raptors,Brooklyn Nets,BetOnline.ag,totals,Under,1.91,219.0
2024-12-20T00:40:00Z,Toronto Raptors,Brooklyn Nets,Bovada,h2h,Brooklyn Nets,2.45,
2024-12-20T00:40:00Z,Toronto Raptors,Brooklyn Nets,Bovada,h2h,Toronto Raptors,1.59,
2024-12-20T00:40:00Z,Toronto Raptors,Brooklyn Nets,Bovada,spreads,Brooklyn Nets,1.91,4.0
2024-12-20T00:40:00Z,Toronto Raptors,Brooklyn Nets,Bovada,spreads,Toronto Raptors,1.91,-4.0
2024-12-20T00:40:00Z,Toronto Raptors,Brooklyn Nets,Bovada,totals,Over,1.91,219.5
2024-12-20T00:40:00Z,Toronto Raptors,Brooklyn Nets,Bovada,totals,Under,1.91,219.5
2024-12-20T00:40:00Z,Toronto Raptors,Brooklyn Nets,BetUS,h2h,Brooklyn Nets,2.45,
2024-12-20T00:40:00Z,Toronto Raptors,Brooklyn Nets,BetUS,h2h,Toronto Raptors,1.6,
2024-12-20T00:40:00Z,Toronto Raptors,Brooklyn Nets,BetUS,spreads,Brooklyn Nets,1.91,4.0
2024-12-20T00:40:00Z,Toronto Raptors,Brooklyn Nets,BetUS,spreads,Toronto Raptors,1.91,-4.0
2024-12-20T00:40:00Z,Toronto Raptors,Brooklyn Nets,BetUS,totals,Over,1.87,219.0
2024-12-20T00:40:00Z,Toronto Raptors,Brooklyn Nets,BetUS,totals,Under,1.95,219.0
2024-12-20T01:10:00Z,San Antonio Spurs,Atlanta Hawks,FanDuel,h2h,Atlanta Hawks,2.0,
2024-12-20T01:10:00Z,San Antonio Spurs,Atlanta Hawks,FanDuel,h2h,San Antonio Spurs,1.85,
2024-12-20T01:10:00Z,San Antonio Spurs,Atlanta Hawks,FanDuel,spreads,Atlanta Hawks,1.93,1.0
2024-12-20T01:10:00Z,San Antonio Spurs,Atlanta Hawks,FanDuel,spreads,San Antonio Spurs,1.89,-1.0
2024-12-20T01:10:00Z,San Antonio Spurs,Atlanta Hawks,FanDuel,totals,Over,1.93,233.5
2024-12-20T01:10:00Z,San Antonio Spurs,Atlanta Hawks,FanDuel,totals,Under,1.89,233.5
2024-12-20T01:10:00Z,San Antonio Spurs,Atlanta Hawks,MyBookie.ag,h2h,Atlanta Hawks,1.96,
2024-12-20T01:10:00Z,San Antonio Spurs,Atlanta Hawks,MyBookie.ag,h2h,San Antonio Spurs,1.85,
2024-12-20T01:10:00Z,San Antonio Spurs,Atlanta Hawks,MyBookie.ag,spreads,Atlanta Hawks,1.91,1.0
2024-12-20T01:10:00Z,San Antonio Spurs,Atlanta Hawks,MyBookie.ag,spreads,San Antonio Spurs,1.91,-1.0
2024-12-20T01:10:00Z,San Antonio Spurs,Atlanta Hawks,MyBookie.ag,totals,Over,1.91,233.5
2024-12-20T01:10:00Z,San Antonio Spurs,Atlanta Hawks,MyBookie.ag,totals,Under,1.91,233.5
2024-12-20T01:10:00Z,San Antonio Spurs,Atlanta Hawks,DraftKings,h2h,Atlanta Hawks,1.95,
2024-12-20T01:10:00Z,San Antonio Spurs,Atlanta Hawks,DraftKings,h2h,San Antonio Spurs,1.87,
2024-12-20T01:10:00Z,San Antonio Spurs,Atlanta Hawks,DraftKings,spreads,Atlanta Hawks,1.91,1.0
2024-12-20T01:10:00Z,San Antonio Spurs,Atlanta Hawks,DraftKings,spreads,San Antonio Spurs,1.91,-1.0
2024-12-20T01:10:00Z,San Antonio Spurs,Atlanta Hawks,DraftKings,totals,Over,1.91,233.5
2024-12-20T01:10:00Z,San Antonio Spurs,Atlanta Hawks,DraftKings,totals,Under,1.91,233.5
2024-12-20T01:10:00Z,San Antonio Spurs,Atlanta Hawks,BetRivers,h2h,Atlanta Hawks,1.97,
2024-12-20T01:10:00Z,San Antonio Spurs,Atlanta Hawks,BetRivers,h2h,San Antonio Spurs,1.87,
2024-12-20T01:10:00Z,San Antonio Spurs,Atlanta Hawks,BetRivers,spreads,Atlanta Hawks,1.91,1.5
2024-12-20T01:10:00Z,San Antonio Spurs,Atlanta Hawks,BetRivers,spreads,San Antonio Spurs,1.91,-1.5
2024-12-20T01:10:00Z,San Antonio Spurs,Atlanta Hawks,BetRivers,totals,Over,1.89,234.0
2024-12-20T01:10:00Z,San Antonio Spurs,Atlanta Hawks,BetRivers,totals,Under,1.92,234.0
2024-12-20T01:10:00Z,San Antonio Spurs,Atlanta Hawks,BetMGM,h2h,Atlanta Hawks,1.95,
2024-12-20T01:10:00Z,San Antonio Spurs,Atlanta Hawks,BetMGM,h2h,San Antonio Spurs,1.87,
2024-12-20T01:10:00Z,San Antonio Spurs,Atlanta Hawks,BetMGM,spreads,Atlanta Hawks,1.87,1.5
2024-12-20T01:10:00Z,San Antonio Spurs,Atlanta Hawks,BetMGM,spreads,San Antonio Spurs,1.95,-1.5
2024-12-20T01:10:00Z,San Antonio Spurs,Atlanta Hawks,BetMGM,totals,Over,1.91,233.5
2024-12-20T01:10:00Z,San Antonio Spurs,Atlanta Hawks,BetMGM,totals,Under,1.91,233.5
2024-12-20T01:10:00Z,San Antonio Spurs,Atlanta Hawks,LowVig.ag,h2h,Atlanta Hawks,2.0,
2024-12-20T01:10:00Z,San Antonio Spurs,Atlanta Hawks,LowVig.ag,h2h,San Antonio Spurs,1.83,
2024-12-20T01:10:00Z,San Antonio Spurs,Atlanta Hawks,LowVig.ag,spreads,Atlanta Hawks,1.99,1.0
2024-12-20T01:10:00Z,San Antonio Spurs,Atlanta Hawks,LowVig.ag,spreads,San Antonio Spurs,1.9,-1.0
2024-12-20T01:10:00Z,San Antonio Spurs,Atlanta Hawks,LowVig.ag,totals,Over,1.93,233.5
2024-12-20T01:10:00Z,San Antonio Spurs,Atlanta Hawks,LowVig.ag,totals,Under,1.93,233.5
2024-12-20T01:10:00Z,San Antonio Spurs,Atlanta Hawks,BetOnline.ag,h2h,Atlanta Hawks,2.0,
2024-12-20T01:10:00Z,San Antonio Spurs,Atlanta Hawks,BetOnline.ag,h2h,San Antonio Spurs,1.83,
2024-12-20T01:10:00Z,San Antonio Spurs,Atlanta Hawks,BetOnline.ag,spreads,Atlanta Hawks,1.95,1.0
2024-12-20T01:10:00Z,San Antonio Spurs,Atlanta Hawks,BetOnline.ag,spreads,San Antonio Spurs,1.87,-1.0
2024-12-20T01:10:00Z,San Antonio Spurs,Atlanta Hawks,BetOnline.ag,totals,Over,1.91,233.5
2024-12-20T01:10:00Z,San Antonio Spurs,Atlanta Hawks,BetOnline.ag,totals,Under,1.91,233.5
2024-12-20T01:10:00Z,San Antonio Spurs,Atlanta Hawks,Bovada,h2h,Atlanta Hawks,2.0,
2024-12-20T01:10:00Z,San Antonio Spurs,Atlanta Hawks,Bovada,h2h,San Antonio Spurs,1.83,
2024-12-20T01:10:00Z,San Antonio Spurs,Atlanta Hawks,Bovada,spreads,Atlanta Hawks,1.95,1.0
2024-12-20T01:10:00Z,San Antonio Spurs,Atlanta Hawks,Bovada,spreads,San Antonio Spurs,1.87,-1.0
2024-12-20T01:10:00Z,San Antonio Spurs,Atlanta Hawks,Bovada,totals,Over,1.91,233.5
2024-12-20T01:10:00Z,San Antonio Spurs,Atlanta Hawks,Bovada,totals,Under,1.91,233.5
2024-12-20T01:10:00Z,San Antonio Spurs,Atlanta Hawks,BetUS,h2h,Atlanta Hawks,1.95,
2024-12-20T01:10:00Z,San Antonio Spurs,Atlanta Hawks,BetUS,h2h,San Antonio Spurs,1.87,
2024-12-20T01:10:00Z,San Antonio Spurs,Atlanta Hawks,BetUS,spreads,Atlanta Hawks,1.91,1.0
2024-12-20T01:10:00Z,San Antonio Spurs,Atlanta Hawks,BetUS,spreads,San Antonio Spurs,1.91,-1.0
2024-12-20T01:10:00Z,San Antonio Spurs,Atlanta Hawks,BetUS,totals,Over,1.91,233.5
2024-12-20T01:10:00Z,San Antonio Spurs,Atlanta Hawks,BetUS,totals,Under,1.91,233.5
2024-12-20T01:10:00Z,Memphis Grizzlies,Golden State Warriors,FanDuel,h2h,Golden State Warriors,2.22,
2024-12-20T01:10:00Z,Memphis Grizzlies,Golden State Warriors,FanDuel,h2h,Memphis Grizzlies,1.69,
2024-12-20T01:10:00Z,Memphis Grizzlies,Golden State Warriors,FanDuel,spreads,Golden State Warriors,1.91,3.0
2024-12-20T01:10:00Z,Memphis Grizzlies,Golden State Warriors,FanDuel,spreads,Memphis Grizzlies,1.91,-3.0
2024-12-20T01:10:00Z,Memphis Grizzlies,Golden State Warriors,FanDuel,totals,Over,1.89,237.5
2024-12-20T01:10:00Z,Memphis Grizzlies,Golden State Warriors,FanDuel,totals,Under,1.93,237.5
2024-12-20T01:10:00Z,Memphis Grizzlies,Golden State Warriors,MyBookie.ag,h2h,Golden State Warriors,2.2,
2024-12-20T01:10:00Z,Memphis Grizzlies,Golden State Warriors,MyBookie.ag,h2h,Memphis Grizzlies,1.68,
2024-12-20T01:10:00Z,Memphis Grizzlies,Golden State Warriors,MyBookie.ag,spreads,Golden State Warriors,1.91,3.0
2024-12-20T01:10:00Z,Memphis Grizzlies,Golden State Warriors,MyBookie.ag,spreads,Memphis Grizzlies,1.91,-3.0
2024-12-20T01:10:00Z,Memphis Grizzlies,Golden State Warriors,MyBookie.ag,totals,Over,1.91,237.5
2024-12-20T01:10:00Z,Memphis Grizzlies,Golden State Warriors,MyBookie.ag,totals,Under,1.91,237.5
2024-12-20T01:10:00Z,Memphis Grizzlies,Golden State Warriors,DraftKings,h2h,Golden State Warriors,2.24,
2024-12-20T01:10:00Z,Memphis Grizzlies,Golden State Warriors,DraftKings,h2h,Memphis Grizzlies,1.68,
2024-12-20T01:10:00Z,Memphis Grizzlies,Golden State Warriors,DraftKings,spreads,Golden State Warriors,1.91,3.0
2024-12-20T01:10:00Z,Memphis Grizzlies,Golden State Warriors,DraftKings,spreads,Memphis Grizzlies,1.91,-3.0
2024-12-20T01:10:00Z,Memphis Grizzlies,Golden State Warriors,DraftKings,totals,Over,1.91,237.5
2024-12-20T01:10:00Z,Memphis Grizzlies,Golden State Warriors,DraftKings,totals,Under,1.91,237.5
2024-12-20T01:10:00Z,Memphis Grizzlies,Golden State Warriors,BetRivers,h2h,Golden State Warriors,2.23,
2024-12-20T01:10:00Z,Memphis Grizzlies,Golden State Warriors,BetRivers,h2h,Memphis Grizzlies,1.68,
2024-12-20T01:10:00Z,Memphis Grizzlies,Golden State Warriors,BetRivers,spreads,Golden State Warriors,1.89,3.0
2024-12-20T01:10:00Z,Memphis Grizzlies,Golden State Warriors,BetRivers,spreads,Memphis Grizzlies,1.92,-3.0
2024-12-20T01:10:00Z,Memphis Grizzlies,Golden State Warriors,BetRivers,totals,Over,1.92,237.0
2024-12-20T01:10:00Z,Memphis Grizzlies,Golden State Warriors,BetRivers,totals,Under,1.89,237.0
2024-12-20T01:10:00Z,Memphis Grizzlies,Golden State Warriors,BetMGM,h2h,Golden State Warriors,2.25,
2024-12-20T01:10:00Z,Memphis Grizzlies,Golden State Warriors,BetMGM,h2h,Memphis Grizzlies,1.65,
2024-12-20T01:10:00Z,Memphis Grizzlies,Golden State Warriors,BetMGM,spreads,Golden State Warriors,1.87,3.5
2024-12-20T01:10:00Z,Memphis Grizzlies,Golden State Warriors,BetMGM,spreads,Memphis Grizzlies,1.95,-3.5
2024-12-20T01:10:00Z,Memphis Grizzlies,Golden State Warriors,BetMGM,totals,Over,1.91,237.5
2024-12-20T01:10:00Z,Memphis Grizzlies,Golden State Warriors,BetMGM,totals,Under,1.91,237.5
2024-12-20T01:10:00Z,Memphis Grizzlies,Golden State Warriors,LowVig.ag,h2h,Golden State Warriors,2.3,
2024-12-20T01:10:00Z,Memphis Grizzlies,Golden State Warriors,LowVig.ag,h2h,Memphis Grizzlies,1.67,
2024-12-20T01:10:00Z,Memphis Grizzlies,Golden State Warriors,LowVig.ag,spreads,Golden State Warriors,1.94,3.0
2024-12-20T01:10:00Z,Memphis Grizzlies,Golden State Warriors,LowVig.ag,spreads,Memphis Grizzlies,1.94,-3.0
2024-12-20T01:10:00Z,Memphis Grizzlies,Golden State Warriors,LowVig.ag,totals,Over,1.93,237.5
2024-12-20T01:10:00Z,Memphis Grizzlies,Golden State Warriors,LowVig.ag,totals,Under,1.93,237.5
2024-12-20T01:10:00Z,Memphis Grizzlies,Golden State Warriors,BetOnline.ag,h2h,Golden State Warriors,2.3,
2024-12-20T01:10:00Z,Memphis Grizzlies,Golden State Warriors,BetOnline.ag,h2h,Memphis Grizzlies,1.67,
2024-12-20T01:10:00Z,Memphis Grizzlies,Golden State Warriors,BetOnline.ag,spreads,Golden State Warriors,1.91,3.0
2024-12-20T01:10:00Z,Memphis Grizzlies,Golden State Warriors,BetOnline.ag,spreads,Memphis Grizzlies,1.91,-3.0
2024-12-20T01:10:00Z,Memphis Grizzlies,Golden State Warriors,BetOnline.ag,totals,Over,1.91,237.5
2024-12-20T01:10:00Z,Memphis Grizzlies,Golden State Warriors,BetOnline.ag,totals,Under,1.91,237.5
2024-12-20T01:10:00Z,Memphis Grizzlies,Golden State Warriors,Bovada,h2h,Golden State Warriors,2.3,
2024-12-20T01:10:00Z,Memphis Grizzlies,Golden State Warriors,Bovada,h2h,Memphis Grizzlies,1.67,
2024-12-20T01:10:00Z,Memphis Grizzlies,Golden State Warriors,Bovada,spreads,Golden State Warriors,1.87,3.5
2024-12-20T01:10:00Z,Memphis Grizzlies,Golden State Warriors,Bovada,spreads,Memphis Grizzlies,1.95,-3.5
2024-12-20T01:10:00Z,Memphis Grizzlies,Golden State Warriors,Bovada,totals,Over,1.91,237.5
2024-12-20T01:10:00Z,Memphis Grizzlies,Golden State Warriors,Bovada,totals,Under,1.91,237.5
2024-12-20T01:10:00Z,Memphis Grizzlies,Golden State Warriors,BetUS,h2h,Golden State Warriors,2.38,
2024-12-20T01:10:00Z,Memphis Grizzlies,Golden State Warriors,BetUS,h2h,Memphis Grizzlies,1.62,
2024-12-20T01:10:00Z,Memphis Grizzlies,Golden State Warriors,BetUS,spreads,Golden State Warriors,1.91,3.0
2024-12-20T01:10:00Z,Memphis Grizzlies,Golden State Warriors,BetUS,spreads,Memphis Grizzlies,1.91,-3.0
2024-12-20T01:10:00Z,Memphis Grizzlies,Golden State Warriors,BetUS,totals,Over,1.91,237.0
2024-12-20T01:10:00Z,Memphis Grizzlies,Golden State Warriors,BetUS,totals,Under,1.91,237.0
2024-12-20T01:10:00Z,Houston Rockets,New Orleans Pelicans,FanDuel,h2h,Houston Rockets,1.19,
2024-12-20T01:10:00Z,Houston Rockets,New Orleans Pelicans,FanDuel,h2h,New Orleans Pelicans,5.0,
2024-12-20T01:10:00Z,Houston Rockets,New Orleans Pelicans,FanDuel,spreads,Houston Rockets,1.88,-10.0
2024-12-20T01:10:00Z,Houston Rockets,New Orleans Pelicans,FanDuel,spreads,New Orleans Pelicans,1.94,10.0
2024-12-20T01:10:00Z,Houston Rockets,New Orleans Pelicans,FanDuel,totals,Over,1.91,218.0
2024-12-20T01:10:00Z,Houston Rockets,New Orleans Pelicans,FanDuel,totals,Under,1.91,218.0
2024-12-20T01:10:00Z,Houston Rockets,New Orleans Pelicans,MyBookie.ag,h2h,Houston Rockets,1.19,
2024-12-20T01:10:00Z,Houston Rockets,New Orleans Pelicans,MyBookie.ag,h2h,New Orleans Pelicans,4.8,
2024-12-20T01:10:00Z,Houston Rockets,New Orleans Pelicans,MyBookie.ag,spreads,Houston Rockets,1.91,-10.0
2024-12-20T01:10:00Z,Houston Rockets,New Orleans Pelicans,MyBookie.ag,spreads,New Orleans Pelicans,1.91,10.0
2024-12-20T01:10:00Z,Houston Rockets,New Orleans Pelicans,MyBookie.ag,totals,Over,1.91,217.5
2024-12-20T01:10:00Z,Houston Rockets,New Orleans Pelicans,MyBookie.ag,totals,Under,1.91,217.5
2024-12-20T01:10:00Z,Houston Rockets,New Orleans Pelicans,DraftKings,h2h,Houston Rockets,1.19,
2024-12-20T01:10:00Z,Houston Rockets,New Orleans Pelicans,DraftKings,h2h,New Orleans Pelicans,4.9,
2024-12-20T01:10:00Z,Houston Rockets,New Orleans Pelicans,DraftKings,spreads,Houston Rockets,1.85,-10.0
2024-12-20T01:10:00Z,Houston Rockets,New Orleans Pelicans,DraftKings,spreads,New Orleans Pelicans,1.98,10.0
2024-12-20T01:10:00Z,Houston Rockets,New Orleans Pelicans,DraftKings,totals,Over,1.91,218.0
2024-12-20T01:10:00Z,Houston Rockets,New Orleans Pelicans,DraftKings,totals,Under,1.91,218.0
2024-12-20T01:10:00Z,Houston Rockets,New Orleans Pelicans,BetRivers,h2h,Houston Rockets,1.2,
2024-12-20T01:10:00Z,Houston Rockets,New Orleans Pelicans,BetRivers,h2h,New Orleans Pelicans,4.8,
2024-12-20T01:10:00Z,Houston Rockets,New Orleans Pelicans,BetRivers,spreads,Houston Rockets,1.93,-10.5
2024-12-20T01:10:00Z,Houston Rockets,New Orleans Pelicans,BetRivers,spreads,New Orleans Pelicans,1.88,10.5
2024-12-20T01:10:00Z,Houston Rockets,New Orleans Pelicans,BetRivers,totals,Over,1.93,218.0
2024-12-20T01:10:00Z,Houston Rockets,New Orleans Pelicans,BetRivers,totals,Under,1.88,218.0
2024-12-20T01:10:00Z,Houston Rockets,New Orleans Pelicans,BetMGM,h2h,Houston Rockets,1.2,
2024-12-20T01:10:00Z,Houston Rockets,New Orleans Pelicans,BetMGM,h2h,New Orleans Pelicans,4.75,
2024-12-20T01:10:00Z,Houston Rockets,New Orleans Pelicans,BetMGM,spreads,Houston Rockets,1.95,-10.5
2024-12-20T01:10:00Z,Houston Rockets,New Orleans Pelicans,BetMGM,spreads,New Orleans Pelicans,1.87,10.5
2024-12-20T01:10:00Z,Houston Rockets,New Orleans Pelicans,BetMGM,totals,Over,1.91,217.5
2024-12-20T01:10:00Z,Houston Rockets,New Orleans Pelicans,BetMGM,totals,Under,1.91,217.5
2024-12-20T01:10:00Z,Houston Rockets,New Orleans Pelicans,LowVig.ag,h2h,Houston Rockets,1.2,
2024-12-20T01:10:00Z,Houston Rockets,New Orleans Pelicans,LowVig.ag,h2h,New Orleans Pelicans,4.95,
2024-12-20T01:10:00Z,Houston Rockets,New Orleans Pelicans,LowVig.ag,spreads,Houston Rockets,1.9,-10.0
2024-12-20T01:10:00Z,Houston Rockets,New Orleans Pelicans,LowVig.ag,spreads,New Orleans Pelicans,1.99,10.0
2024-12-20T01:10:00Z,Houston Rockets,New Orleans Pelicans,LowVig.ag,totals,Over,1.93,217.5
2024-12-20T01:10:00Z,Houston Rockets,New Orleans Pelicans,LowVig.ag,totals,Under,1.93,217.5
2024-12-20T01:10:00Z,Houston Rockets,New Orleans Pelicans,BetOnline.ag,h2h,Houston Rockets,1.2,
2024-12-20T01:10:00Z,Houston Rockets,New Orleans Pelicans,BetOnline.ag,h2h,New Orleans Pelicans,4.95,
2024-12-20T01:10:00Z,Houston Rockets,New Orleans Pelicans,BetOnline.ag,spreads,Houston Rockets,1.87,-10.0
2024-12-20T01:10:00Z,Houston Rockets,New Orleans Pelicans,BetOnline.ag,spreads,New Orleans Pelicans,1.95,10.0
2024-12-20T01:10:00Z,Houston Rockets,New Orleans Pelicans,BetOnline.ag,totals,Over,1.91,217.5
2024-12-20T01:10:00Z,Houston Rockets,New Orleans Pelicans,BetOnline.ag,totals,Under,1.91,217.5
2024-12-20T01:10:00Z,Houston Rockets,New Orleans Pelicans,Bovada,h2h,Houston Rockets,1.2,
2024-12-20T01:10:00Z,Houston Rockets,New Orleans Pelicans,Bovada,h2h,New Orleans Pelicans,4.7,
2024-12-20T01:10:00Z,Houston Rockets,New Orleans Pelicans,Bovada,spreads,Houston Rockets,1.91,-10.0
2024-12-20T01:10:00Z,Houston Rockets,New Orleans Pelicans,Bovada,spreads,New Orleans Pelicans,1.91,10.0
2024-12-20T01:10:00Z,Houston Rockets,New Orleans Pelicans,Bovada,totals,Over,1.87,218.0
2024-12-20T01:10:00Z,Houston Rockets,New Orleans Pelicans,Bovada,totals,Under,1.95,218.0
2024-12-20T01:10:00Z,Houston Rockets,New Orleans Pelicans,BetUS,h2h,Houston Rockets,1.19,
2024-12-20T01:10:00Z,Houston Rockets,New Orleans Pelicans,BetUS,h2h,New Orleans Pelicans,5.05,
2024-12-20T01:10:00Z,Houston Rockets,New Orleans Pelicans,BetUS,spreads,Houston Rockets,1.91,-9.5
2024-12-20T01:10:00Z,Houston Rockets,New Orleans Pelicans,BetUS,spreads,New Orleans Pelicans,1.91,9.5
2024-12-20T01:10:00Z,Houston Rockets,New Orleans Pelicans,BetUS,totals,Over,1.95,217.5
2024-12-20T01:10:00Z,Houston Rockets,New Orleans Pelicans,BetUS,totals,Under,1.87,217.5
2024-12-20T01:40:00Z,Dallas Mavericks,Los Angeles Clippers,DraftKings,h2h,Dallas Mavericks,1.39,
2024-12-20T01:40:00Z,Dallas Mavericks,Los Angeles Clippers,DraftKings,h2h,Los Angeles Clippers,3.1,
2024-12-20T01:40:00Z,Dallas Mavericks,Los Angeles Clippers,DraftKings,spreads,Dallas Mavericks,1.89,-6.5
2024-12-20T01:40:00Z,Dallas Mavericks,Los Angeles Clippers,DraftKings,spreads,Los Angeles Clippers,1.93,6.5
2024-12-20T01:40:00Z,Dallas Mavericks,Los Angeles Clippers,DraftKings,totals,Over,1.91,228.0
2024-12-20T01:40:00Z,Dallas Mavericks,Los Angeles Clippers,DraftKings,totals,Under,1.91,228.0
2024-12-20T01:40:00Z,Dallas Mavericks,Los Angeles Clippers,MyBookie.ag,h2h,Dallas Mavericks,1.38,
2024-12-20T01:40:00Z,Dallas Mavericks,Los Angeles Clippers,MyBookie.ag,h2h,Los Angeles Clippers,3.09,
2024-12-20T01:40:00Z,Dallas Mavericks,Los Angeles Clippers,MyBookie.ag,spreads,Dallas Mavericks,1.91,-6.5
2024-12-20T01:40:00Z,Dallas Mavericks,Los Angeles Clippers,MyBookie.ag,spreads,Los Angeles Clippers,1.91,6.5
2024-12-20T01:40:00Z,Dallas Mavericks,Los Angeles Clippers,MyBookie.ag,totals,Over,1.91,227.5
2024-12-20T01:40:00Z,Dallas Mavericks,Los Angeles Clippers,MyBookie.ag,totals,Under,1.91,227.5
2024-12-20T01:40:00Z,Dallas Mavericks,Los Angeles Clippers,FanDuel,h2h,Dallas Mavericks,1.36,
2024-12-20T01:40:00Z,Dallas Mavericks,Los Angeles Clippers,FanDuel,h2h,Los Angeles Clippers,3.25,
2024-12-20T01:40:00Z,Dallas Mavericks,Los Angeles Clippers,FanDuel,spreads,Dallas Mavericks,1.94,-7.0
2024-12-20T01:40:00Z,Dallas Mavericks,Los Angeles Clippers,FanDuel,spreads,Los Angeles Clippers,1.88,7.0
2024-12-20T01:40:00Z,Dallas Mavericks,Los Angeles Clippers,FanDuel,totals,Over,1.91,227.5
2024-12-20T01:40:00Z,Dallas Mavericks,Los Angeles Clippers,FanDuel,totals,Under,1.91,227.5
2024-12-20T01:40:00Z,Dallas Mavericks,Los Angeles Clippers,BetRivers,h2h,Dallas Mavericks,1.43,
2024-12-20T01:40:00Z,Dallas Mavericks,Los Angeles Clippers,BetRivers,h2h,Los Angeles Clippers,2.95,
2024-12-20T01:40:00Z,Dallas Mavericks,Los Angeles Clippers,BetRivers,spreads,Dallas Mavericks,1.89,-6.5
2024-12-20T01:40:00Z,Dallas Mavericks,Los Angeles Clippers,BetRivers,spreads,Los Angeles Clippers,1.92,6.5
2024-12-20T01:40:00Z,Dallas Mavericks,Los Angeles Clippers,BetRivers,totals,Over,1.92,229.0
2024-12-20T01:40:00Z,Dallas Mavericks,Los Angeles Clippers,BetRivers,totals,Under,1.89,229.0
2024-12-20T01:40:00Z,Dallas Mavericks,Los Angeles Clippers,BetMGM,h2h,Dallas Mavericks,1.4,
2024-12-20T01:40:00Z,Dallas Mavericks,Los Angeles Clippers,BetMGM,h2h,Los Angeles Clippers,3.0,
2024-12-20T01:40:00Z,Dallas Mavericks,Los Angeles Clippers,BetMGM,spreads,Dallas Mavericks,1.91,-6.5
2024-12-20T01:40:00Z,Dallas Mavericks,Los Angeles Clippers,BetMGM,spreads,Los Angeles Clippers,1.91,6.5
2024-12-20T01:40:00Z,Dallas Mavericks,Los Angeles Clippers,BetMGM,totals,Over,1.87,227.5
2024-12-20T01:40:00Z,Dallas Mavericks,Los Angeles Clippers,BetMGM,totals,Under,1.95,227.5
2024-12-20T01:40:00Z,Dallas Mavericks,Los Angeles Clippers,Bovada,h2h,Dallas Mavericks,1.4,
2024-12-20T01:40:00Z,Dallas Mavericks,Los Angeles Clippers,Bovada,h2h,Los Angeles Clippers,3.1,
2024-12-20T01:40:00Z,Dallas Mavericks,Los Angeles Clippers,Bovada,spreads,Dallas Mavericks,1.91,-7.0
2024-12-20T01:40:00Z,Dallas Mavericks,Los Angeles Clippers,Bovada,spreads,Los Angeles Clippers,1.91,7.0
2024-12-20T01:40:00Z,Dallas Mavericks,Los Angeles Clippers,Bovada,totals,Over,1.91,228.0
2024-12-20T01:40:00Z,Dallas Mavericks,Los Angeles Clippers,Bovada,totals,Under,1.91,228.0
2024-12-20T01:40:00Z,Dallas Mavericks,Los Angeles Clippers,LowVig.ag,h2h,Dallas Mavericks,1.41,
2024-12-20T01:40:00Z,Dallas Mavericks,Los Angeles Clippers,LowVig.ag,h2h,Los Angeles Clippers,3.05,
2024-12-20T01:40:00Z,Dallas Mavericks,Los Angeles Clippers,LowVig.ag,spreads,Dallas Mavericks,1.94,-6.5
2024-12-20T01:40:00Z,Dallas Mavericks,Los Angeles Clippers,LowVig.ag,spreads,Los Angeles Clippers,1.94,6.5
2024-12-20T01:40:00Z,Dallas Mavericks,Los Angeles Clippers,LowVig.ag,totals,Over,1.93,228.0
2024-12-20T01:40:00Z,Dallas Mavericks,Los Angeles Clippers,LowVig.ag,totals,Under,1.93,228.0
2024-12-20T01:40:00Z,Dallas Mavericks,Los Angeles Clippers,BetOnline.ag,h2h,Dallas Mavericks,1.41,
2024-12-20T01:40:00Z,Dallas Mavericks,Los Angeles Clippers,BetOnline.ag,h2h,Los Angeles Clippers,3.05,
2024-12-20T01:40:00Z,Dallas Mavericks,Los Angeles Clippers,BetOnline.ag,spreads,Dallas Mavericks,1.91,-6.5
2024-12-20T01:40:00Z,Dallas Mavericks,Los Angeles Clippers,BetOnline.ag,spreads,Los Angeles Clippers,1.91,6.5
2024-12-20T01:40:00Z,Dallas Mavericks,Los Angeles Clippers,BetOnline.ag,totals,Over,1.91,228.0
2024-12-20T01:40:00Z,Dallas Mavericks,Los Angeles Clippers,BetOnline.ag,totals,Under,1.91,228.0
2024-12-20T01:40:00Z,Dallas Mavericks,Los Angeles Clippers,BetUS,h2h,Dallas Mavericks,1.41,
2024-12-20T01:40:00Z,Dallas Mavericks,Los Angeles Clippers,BetUS,h2h,Los Angeles Clippers,3.05,
2024-12-20T01:40:00Z,Dallas Mavericks,Los Angeles Clippers,BetUS,spreads,Dallas Mavericks,1.91,-6.5
2024-12-20T01:40:00Z,Dallas Mavericks,Los Angeles Clippers,BetUS,spreads,Los Angeles Clippers,1.91,6.5
2024-12-20T01:40:00Z,Dallas Mavericks,Los Angeles Clippers,BetUS,totals,Over,1.91,228.0
2024-12-20T01:40:00Z,Dallas Mavericks,Los Angeles Clippers,BetUS,totals,Under,1.91,228.0
2024-12-20T02:10:00Z,Phoenix Suns,Indiana Pacers,FanDuel,h2h,Indiana Pacers,3.05,
2024-12-20T02:10:00Z,Phoenix Suns,Indiana Pacers,FanDuel,h2h,Phoenix Suns,1.4,
2024-12-20T02:10:00Z,Phoenix Suns,Indiana Pacers,FanDuel,spreads,Indiana Pacers,1.93,6.5
2024-12-20T02:10:00Z,Phoenix Suns,Indiana Pacers,FanDuel,spreads,Phoenix Suns,1.89,-6.5
2024-12-20T02:10:00Z,Phoenix Suns,Indiana Pacers,FanDuel,totals,Over,1.91,235.5
2024-12-20T02:10:00Z,Phoenix Suns,Indiana Pacers,FanDuel,totals,Under,1.91,235.5
2024-12-20T02:10:00Z,Phoenix Suns,Indiana Pacers,DraftKings,h2h,Indiana Pacers,3.1,
2024-12-20T02:10:00Z,Phoenix Suns,Indiana Pacers,DraftKings,h2h,Phoenix Suns,1.39,
2024-12-20T02:10:00Z,Phoenix Suns,Indiana Pacers,DraftKings,spreads,Indiana Pacers,1.95,6.5
2024-12-20T02:10:00Z,Phoenix Suns,Indiana Pacers,DraftKings,spreads,Phoenix Suns,1.87,-6.5
2024-12-20T02:10:00Z,Phoenix Suns,Indiana Pacers,DraftKings,totals,Over,1.89,236.0
2024-12-20T02:10:00Z,Phoenix Suns,Indiana Pacers,DraftKings,totals,Under,1.93,236.0
2024-12-20T02:10:00Z,Phoenix Suns,Indiana Pacers,MyBookie.ag,h2h,Indiana Pacers,3.01,
2024-12-20T02:10:00Z,Phoenix Suns,Indiana Pacers,MyBookie.ag,h2h,Phoenix Suns,1.39,
2024-12-20T02:10:00Z,Phoenix Suns,Indiana Pacers,MyBookie.ag,spreads,Indiana Pacers,1.91,6.5
2024-12-20T02:10:00Z,Phoenix Suns,Indiana Pacers,MyBookie.ag,spreads,Phoenix Suns,1.91,-6.5
2024-12-20T02:10:00Z,Phoenix Suns,Indiana Pacers,MyBookie.ag,totals,Over,1.91,236.0
2024-12-20T02:10:00Z,Phoenix Suns,Indiana Pacers,MyBookie.ag,totals,Under,1.91,236.0
2024-12-20T02:10:00Z,Phoenix Suns,Indiana Pacers,BetRivers,h2h,Indiana Pacers,3.0,
2024-12-20T02:10:00Z,Phoenix Suns,Indiana Pacers,BetRivers,h2h,Phoenix Suns,1.41,
2024-12-20T02:10:00Z,Phoenix Suns,Indiana Pacers,BetRivers,spreads,Indiana Pacers,1.89,6.5
2024-12-20T02:10:00Z,Phoenix Suns,Indiana Pacers,BetRivers,spreads,Phoenix Suns,1.92,-6.5
2024-12-20T02:10:00Z,Phoenix Suns,Indiana Pacers,BetRivers,totals,Over,1.91,235.5
2024-12-20T02:10:00Z,Phoenix Suns,Indiana Pacers,BetRivers,totals,Under,1.91,235.5
2024-12-20T02:10:00Z,Phoenix Suns,Indiana Pacers,BetMGM,h2h,Indiana Pacers,3.0,
2024-12-20T02:10:00Z,Phoenix Suns,Indiana Pacers,BetMGM,h2h,Phoenix Suns,1.4,
2024-12-20T02:10:00Z,Phoenix Suns,Indiana Pacers,BetMGM,spreads,Indiana Pacers,1.91,6.5
2024-12-20T02:10:00Z,Phoenix Suns,Indiana Pacers,BetMGM,spreads,Phoenix Suns,1.91,-6.5
2024-12-20T02:10:00Z,Phoenix Suns,Indiana Pacers,BetMGM,totals,Over,1.91,235.5
2024-12-20T02:10:00Z,Phoenix Suns,Indiana Pacers,BetMGM,totals,Under,1.91,235.5
2024-12-20T02:10:00Z,Phoenix Suns,Indiana Pacers,Bovada,h2h,Indiana Pacers,3.15,
2024-12-20T02:10:00Z,Phoenix Suns,Indiana Pacers,Bovada,h2h,Phoenix Suns,1.38,
2024-12-20T02:10:00Z,Phoenix Suns,Indiana Pacers,Bovada,spreads,Indiana Pacers,1.91,6.5
2024-12-20T02:10:00Z,Phoenix Suns,Indiana Pacers,Bovada,spreads,Phoenix Suns,1.91,-6.5
2024-12-20T02:10:00Z,Phoenix Suns,Indiana Pacers,Bovada,totals,Over,1.91,236.5
2024-12-20T02:10:00Z,Phoenix Suns,Indiana Pacers,Bovada,totals,Under,1.91,236.5
2024-12-20T02:10:00Z,Phoenix Suns,Indiana Pacers,LowVig.ag,h2h,Indiana Pacers,3.15,
2024-12-20T02:10:00Z,Phoenix Suns,Indiana Pacers,LowVig.ag,h2h,Phoenix Suns,1.39,
2024-12-20T02:10:00Z,Phoenix Suns,Indiana Pacers,LowVig.ag,spreads,Indiana Pacers,1.99,6.5
2024-12-20T02:10:00Z,Phoenix Suns,Indiana Pacers,LowVig.ag,spreads,Phoenix Suns,1.9,-6.5
2024-12-20T02:10:00Z,Phoenix Suns,Indiana Pacers,LowVig.ag,totals,Over,1.93,235.5
2024-12-20T02:10:00Z,Phoenix Suns,Indiana Pacers,LowVig.ag,totals,Under,1.93,235.5
2024-12-20T02:10:00Z,Phoenix Suns,Indiana Pacers,BetOnline.ag,h2h,Indiana Pacers,3.15,
2024-12-20T02:10:00Z,Phoenix Suns,Indiana Pacers,BetOnline.ag,h2h,Phoenix Suns,1.39,
2024-12-20T02:10:00Z,Phoenix Suns,Indiana Pacers,BetOnline.ag,spreads,Indiana Pacers,1.95,6.5
2024-12-20T02:10:00Z,Phoenix Suns,Indiana Pacers,BetOnline.ag,spreads,Phoenix Suns,1.87,-6.5
2024-12-20T02:10:00Z,Phoenix Suns,Indiana Pacers,BetOnline.ag,totals,Over,1.91,235.5
2024-12-20T02:10:00Z,Phoenix Suns,Indiana Pacers,BetOnline.ag,totals,Under,1.91,235.5
2024-12-20T02:10:00Z,Phoenix Suns,Indiana Pacers,BetUS,h2h,Indiana Pacers,3.18,
2024-12-20T02:10:00Z,Phoenix Suns,Indiana Pacers,BetUS,h2h,Phoenix Suns,1.38,
2024-12-20T02:10:00Z,Phoenix Suns,Indiana Pacers,BetUS,spreads,Indiana Pacers,1.95,6.5
2024-12-20T02:10:00Z,Phoenix Suns,Indiana Pacers,BetUS,spreads,Phoenix Suns,1.87,-6.5
2024-12-20T02:10:00Z,Phoenix Suns,Indiana Pacers,BetUS,totals,Over,1.91,235.5
2024-12-20T02:10:00Z,Phoenix Suns,Indiana Pacers,BetUS,totals,Under,1.91,235.5
2024-12-20T02:30:00Z,Minnesota Timberwolves,New York Knicks,FanDuel,h2h,Minnesota Timberwolves,1.74,
2024-12-20T02:30:00Z,Minnesota Timberwolves,New York Knicks,FanDuel,h2h,New York Knicks,2.16,
2024-12-20T02:30:00Z,Minnesota Timberwolves,New York Knicks,FanDuel,spreads,Minnesota Timberwolves,1.94,-2.5
2024-12-20T02:30:00Z,Minnesota Timberwolves,New York Knicks,FanDuel,spreads,New York Knicks,1.88,2.5
2024-12-20T02:30:00Z,Minnesota Timberwolves,New York Knicks,FanDuel,totals,Over,1.91,215.0
2024-12-20T02:30:00Z,Minnesota Timberwolves,New York Knicks,FanDuel,totals,Under,1.91,215.0
2024-12-20T02:30:00Z,Minnesota Timberwolves,New York Knicks,MyBookie.ag,h2h,Minnesota Timberwolves,1.72,
2024-12-20T02:30:00Z,Minnesota Timberwolves,New York Knicks,MyBookie.ag,h2h,New York Knicks,2.13,
2024-12-20T02:30:00Z,Minnesota Timberwolves,New York Knicks,MyBookie.ag,spreads,Minnesota Timberwolves,1.91,-2.5
2024-12-20T02:30:00Z,Minnesota Timberwolves,New York Knicks,MyBookie.ag,spreads,New York Knicks,1.91,2.5
2024-12-20T02:30:00Z,Minnesota Timberwolves,New York Knicks,MyBookie.ag,totals,Over,1.91,215.5
2024-12-20T02:30:00Z,Minnesota Timberwolves,New York Knicks,MyBookie.ag,totals,Under,1.91,215.5
2024-12-20T02:30:00Z,Minnesota Timberwolves,New York Knicks,DraftKings,h2h,Minnesota Timberwolves,1.7,
2024-12-20T02:30:00Z,Minnesota Timberwolves,New York Knicks,DraftKings,h2h,New York Knicks,2.2,
2024-12-20T02:30:00Z,Minnesota Timberwolves,New York Knicks,DraftKings,spreads,Minnesota Timberwolves,1.91,-2.5
2024-12-20T02:30:00Z,Minnesota Timberwolves,New York Knicks,DraftKings,spreads,New York Knicks,1.91,2.5
2024-12-20T02:30:00Z,Minnesota Timberwolves,New York Knicks,DraftKings,totals,Over,1.93,215.5
2024-12-20T02:30:00Z,Minnesota Timberwolves,New York Knicks,DraftKings,totals,Under,1.89,215.5
2024-12-20T02:30:00Z,Minnesota Timberwolves,New York Knicks,BetRivers,h2h,Minnesota Timberwolves,1.73,
2024-12-20T02:30:00Z,Minnesota Timberwolves,New York Knicks,BetRivers,h2h,New York Knicks,2.17,
2024-12-20T02:30:00Z,Minnesota Timberwolves,New York Knicks,BetRivers,spreads,Minnesota Timberwolves,1.89,-2.5
2024-12-20T02:30:00Z,Minnesota Timberwolves,New York Knicks,BetRivers,spreads,New York Knicks,1.92,2.5
2024-12-20T02:30:00Z,Minnesota Timberwolves,New York Knicks,BetRivers,totals,Over,1.89,215.0
2024-12-20T02:30:00Z,Minnesota Timberwolves,New York Knicks,BetRivers,totals,Under,1.92,215.0
2024-12-20T02:30:00Z,Minnesota Timberwolves,New York Knicks,BetMGM,h2h,Minnesota Timberwolves,1.69,
2024-12-20T02:30:00Z,Minnesota Timberwolves,New York Knicks,BetMGM,h2h,New York Knicks,2.2,
2024-12-20T02:30:00Z,Minnesota Timberwolves,New York Knicks,BetMGM,spreads,Minnesota Timberwolves,1.91,-2.5
2024-12-20T02:30:00Z,Minnesota Timberwolves,New York Knicks,BetMGM,spreads,New York Knicks,1.91,2.5
2024-12-20T02:30:00Z,Minnesota Timberwolves,New York Knicks,BetMGM,totals,Over,1.91,215.5
2024-12-20T02:30:00Z,Minnesota Timberwolves,New York Knicks,BetMGM,totals,Under,1.91,215.5
2024-12-20T02:30:00Z,Minnesota Timberwolves,New York Knicks,LowVig.ag,h2h,Minnesota Timberwolves,1.71,
2024-12-20T02:30:00Z,Minnesota Timberwolves,New York Knicks,LowVig.ag,h2h,New York Knicks,2.2,
2024-12-20T02:30:00Z,Minnesota Timberwolves,New York Knicks,LowVig.ag,spreads,Minnesota Timberwolves,1.94,-2.5
2024-12-20T02:30:00Z,Minnesota Timberwolves,New York Knicks,LowVig.ag,spreads,New York Knicks,1.94,2.5
2024-12-20T02:30:00Z,Minnesota Timberwolves,New York Knicks,LowVig.ag,totals,Over,1.93,215.5
2024-12-20T02:30:00Z,Minnesota Timberwolves,New York Knicks,LowVig.ag,totals,Under,1.93,215.5
2024-12-20T02:30:00Z,Minnesota Timberwolves,New York Knicks,BetOnline.ag,h2h,Minnesota Timberwolves,1.71,
2024-12-20T02:30:00Z,Minnesota Timberwolves,New York Knicks,BetOnline.ag,h2h,New York Knicks,2.2,
2024-12-20T02:30:00Z,Minnesota Timberwolves,New York Knicks,BetOnline.ag,spreads,Minnesota Timberwolves,1.91,-2.5
2024-12-20T02:30:00Z,Minnesota Timberwolves,New York Knicks,BetOnline.ag,spreads,New York Knicks,1.91,2.5
2024-12-20T02:30:00Z,Minnesota Timberwolves,New York Knicks,BetOnline.ag,totals,Over,1.91,215.5
2024-12-20T02:30:00Z,Minnesota Timberwolves,New York Knicks,BetOnline.ag,totals,Under,1.91,215.5
2024-12-20T02:30:00Z,Minnesota Timberwolves,New York Knicks,Bovada,h2h,Minnesota Timberwolves,1.69,
2024-12-20T02:30:00Z,Minnesota Timberwolves,New York Knicks,Bovada,h2h,New York Knicks,2.25,
2024-12-20T02:30:00Z,Minnesota Timberwolves,New York Knicks,Bovada,spreads,Minnesota Timberwolves,1.91,-2.5
2024-12-20T02:30:00Z,Minnesota Timberwolves,New York Knicks,Bovada,spreads,New York Knicks,1.91,2.5
2024-12-20T02:30:00Z,Minnesota Timberwolves,New York Knicks,Bovada,totals,Over,1.91,215.0
2024-12-20T02:30:00Z,Minnesota Timberwolves,New York Knicks,Bovada,totals,Under,1.91,215.0
2024-12-20T02:30:00Z,Minnesota Timberwolves,New York Knicks,BetUS,h2h,Minnesota Timberwolves,1.71,
2024-12-20T02:30:00Z,Minnesota Timberwolves,New York Knicks,BetUS,h2h,New York Knicks,2.2,
2024-12-20T02:30:00Z,Minnesota Timberwolves,New York Knicks,BetUS,spreads,Minnesota Timberwolves,1.91,-2.5
2024-12-20T02:30:00Z,Minnesota Timberwolves,New York Knicks,BetUS,spreads,New York Knicks,1.91,2.5
2024-12-20T02:30:00Z,Minnesota Timberwolves,New York Knicks,BetUS,totals,Over,1.91,215.5
2024-12-20T02:30:00Z,Minnesota Timberwolves,New York Knicks,BetUS,totals,Under,1.91,215.5
2024-12-20T03:10:00Z,Portland Trail Blazers,Denver Nuggets,DraftKings,h2h,Denver Nuggets,1.26,
2024-12-20T03:10:00Z,Portland Trail Blazers,Denver Nuggets,DraftKings,h2h,Portland Trail Blazers,4.0,
2024-12-20T03:10:00Z,Portland Trail Blazers,Denver Nuggets,DraftKings,spreads,Denver Nuggets,1.89,-9.0
2024-12-20T03:10:00Z,Portland Trail Blazers,Denver Nuggets,DraftKings,spreads,Portland Trail Blazers,1.93,9.0
2024-12-20T03:10:00Z,Portland Trail Blazers,Denver Nuggets,DraftKings,totals,Over,1.87,233.5
2024-12-20T03:10:00Z,Portland Trail Blazers,Denver Nuggets,DraftKings,totals,Under,1.95,233.5
2024-12-20T03:10:00Z,Portland Trail Blazers,Denver Nuggets,MyBookie.ag,h2h,Denver Nuggets,1.27,
2024-12-20T03:10:00Z,Portland Trail Blazers,Denver Nuggets,MyBookie.ag,h2h,Portland Trail Blazers,3.83,
2024-12-20T03:10:00Z,Portland Trail Blazers,Denver Nuggets,MyBookie.ag,spreads,Denver Nuggets,1.91,-9.0
2024-12-20T03:10:00Z,Portland Trail Blazers,Denver Nuggets,MyBookie.ag,spreads,Portland Trail Blazers,1.91,9.0
2024-12-20T03:10:00Z,Portland Trail Blazers,Denver Nuggets,MyBookie.ag,totals,Over,1.91,234.0
2024-12-20T03:10:00Z,Portland Trail Blazers,Denver Nuggets,MyBookie.ag,totals,Under,1.91,234.0
2024-12-20T03:10:00Z,Portland Trail Blazers,Denver Nuggets,FanDuel,h2h,Denver Nuggets,1.25,
2024-12-20T03:10:00Z,Portland Trail Blazers,Denver Nuggets,FanDuel,h2h,Portland Trail Blazers,4.2,
2024-12-20T03:10:00Z,Portland Trail Blazers,Denver Nuggets,FanDuel,spreads,Denver Nuggets,1.89,-9.0
2024-12-20T03:10:00Z,Portland Trail Blazers,Denver Nuggets,FanDuel,spreads,Portland Trail Blazers,1.93,9.0
2024-12-20T03:10:00Z,Portland Trail Blazers,Denver Nuggets,FanDuel,totals,Over,1.89,233.5
2024-12-20T03:10:00Z,Portland Trail Blazers,Denver Nuggets,FanDuel,totals,Under,1.93,233.5
2024-12-20T03:10:00Z,Portland Trail Blazers,Denver Nuggets,BetRivers,h2h,Denver Nuggets,1.29,
2024-12-20T03:10:00Z,Portland Trail Blazers,Denver Nuggets,BetRivers,h2h,Portland Trail Blazers,3.75,
2024-12-20T03:10:00Z,Portland Trail Blazers,Denver Nuggets,BetRivers,spreads,Denver Nuggets,1.89,-8.5
2024-12-20T03:10:00Z,Portland Trail Blazers,Denver Nuggets,BetRivers,spreads,Portland Trail Blazers,1.92,8.5
2024-12-20T03:10:00Z,Portland Trail Blazers,Denver Nuggets,BetRivers,totals,Over,1.92,233.5
2024-12-20T03:10:00Z,Portland Trail Blazers,Denver Nuggets,BetRivers,totals,Under,1.89,233.5
2024-12-20T03:10:00Z,Portland Trail Blazers,Denver Nuggets,BetMGM,h2h,Denver Nuggets,1.27,
2024-12-20T03:10:00Z,Portland Trail Blazers,Denver Nuggets,BetMGM,h2h,Portland Trail Blazers,3.9,
2024-12-20T03:10:00Z,Portland Trail Blazers,Denver Nuggets,BetMGM,spreads,Denver Nuggets,1.91,-8.5
2024-12-20T03:10:00Z,Portland Trail Blazers,Denver Nuggets,BetMGM,spreads,Portland Trail Blazers,1.91,8.5
2024-12-20T03:10:00Z,Portland Trail Blazers,Denver Nuggets,BetMGM,totals,Over,1.91,233.5
2024-12-20T03:10:00Z,Portland Trail Blazers,Denver Nuggets,BetMGM,totals,Under,1.91,233.5
2024-12-20T03:10:00Z,Portland Trail Blazers,Denver Nuggets,LowVig.ag,h2h,Denver Nuggets,1.27,
2024-12-20T03:10:00Z,Portland Trail Blazers,Denver Nuggets,LowVig.ag,h2h,Portland Trail Blazers,4.05,
2024-12-20T03:10:00Z,Portland Trail Blazers,Denver Nuggets,LowVig.ag,spreads,Denver Nuggets,1.92,-8.5
2024-12-20T03:10:00Z,Portland Trail Blazers,Denver Nuggets,LowVig.ag,spreads,Portland Trail Blazers,1.97,8.5
2024-12-20T03:10:00Z,Portland Trail Blazers,Denver Nuggets,LowVig.ag,totals,Over,1.88,233.5
2024-12-20T03:10:00Z,Portland Trail Blazers,Denver Nuggets,LowVig.ag,totals,Under,1.98,233.5
2024-12-20T03:10:00Z,Portland Trail Blazers,Denver Nuggets,BetOnline.ag,h2h,Denver Nuggets,1.27,
2024-12-20T03:10:00Z,Portland Trail Blazers,Denver Nuggets,BetOnline.ag,h2h,Portland Trail Blazers,4.05,
2024-12-20T03:10:00Z,Portland Trail Blazers,Denver Nuggets,BetOnline.ag,spreads,Denver Nuggets,1.88,-8.5
2024-12-20T03:10:00Z,Portland Trail Blazers,Denver Nuggets,BetOnline.ag,spreads,Portland Trail Blazers,1.93,8.5
2024-12-20T03:10:00Z,Portland Trail Blazers,Denver Nuggets,BetOnline.ag,totals,Over,1.87,233.5
2024-12-20T03:10:00Z,Portland Trail Blazers,Denver Nuggets,BetOnline.ag,totals,Under,1.95,233.5
2024-12-20T03:10:00Z,Portland Trail Blazers,Denver Nuggets,Bovada,h2h,Denver Nuggets,1.24,
2024-12-20T03:10:00Z,Portland Trail Blazers,Denver Nuggets,Bovada,h2h,Portland Trail Blazers,4.1,
2024-12-20T03:10:00Z,Portland Trail Blazers,Denver Nuggets,Bovada,spreads,Denver Nuggets,1.95,-9.5
2024-12-20T03:10:00Z,Portland Trail Blazers,Denver Nuggets,Bovada,spreads,Portland Trail Blazers,1.87,9.5
2024-12-20T03:10:00Z,Portland Trail Blazers,Denver Nuggets,Bovada,totals,Over,1.91,233.5
2024-12-20T03:10:00Z,Portland Trail Blazers,Denver Nuggets,Bovada,totals,Under,1.91,233.5
2024-12-20T03:10:00Z,Portland Trail Blazers,Denver Nuggets,BetUS,h2h,Denver Nuggets,1.25,
2024-12-20T03:10:00Z,Portland Trail Blazers,Denver Nuggets,BetUS,h2h,Portland Trail Blazers,4.18,
2024-12-20T03:10:00Z,Portland Trail Blazers,Denver Nuggets,BetUS,spreads,Denver Nuggets,1.91,-8.5
2024-12-20T03:10:00Z,Portland Trail Blazers,Denver Nuggets,BetUS,spreads,Portland Trail Blazers,1.91,8.5
2024-12-20T03:10:00Z,Portland Trail Blazers,Denver Nuggets,BetUS,totals,Over,1.91,233.5
2024-12-20T03:10:00Z,Portland Trail Blazers,Denver Nuggets,BetUS,totals,Under,1.91,233.5
2024-12-20T03:10:00Z,Sacramento Kings,Los Angeles Lakers,DraftKings,h2h,Los Angeles Lakers,2.64,
2024-12-20T03:10:00Z,Sacramento Kings,Los Angeles Lakers,DraftKings,h2h,Sacramento Kings,1.51,
2024-12-20T03:10:00Z,Sacramento Kings,Los Angeles Lakers,DraftKings,spreads,Los Angeles Lakers,1.91,5.0
2024-12-20T03:10:00Z,Sacramento Kings,Los Angeles Lakers,DraftKings,spreads,Sacramento Kings,1.91,-5.0
2024-12-20T03:10:00Z,Sacramento Kings,Los Angeles Lakers,DraftKings,totals,Over,1.93,230.5
2024-12-20T03:10:00Z,Sacramento Kings,Los Angeles Lakers,DraftKings,totals,Under,1.89,230.5
2024-12-20T03:10:00Z,Sacramento Kings,Los Angeles Lakers,MyBookie.ag,h2h,Los Angeles Lakers,2.58,
2024-12-20T03:10:00Z,Sacramento Kings,Los Angeles Lakers,MyBookie.ag,h2h,Sacramento Kings,1.51,
2024-12-20T03:10:00Z,Sacramento Kings,Los Angeles Lakers,MyBookie.ag,spreads,Los Angeles Lakers,1.91,5.0
2024-12-20T03:10:00Z,Sacramento Kings,Los Angeles Lakers,MyBookie.ag,spreads,Sacramento Kings,1.91,-5.0
2024-12-20T03:10:00Z,Sacramento Kings,Los Angeles Lakers,MyBookie.ag,totals,Over,1.91,230.0
2024-12-20T03:10:00Z,Sacramento Kings,Los Angeles Lakers,MyBookie.ag,totals,Under,1.91,230.0
2024-12-20T03:10:00Z,Sacramento Kings,Los Angeles Lakers,FanDuel,h2h,Los Angeles Lakers,2.6,
2024-12-20T03:10:00Z,Sacramento Kings,Los Angeles Lakers,FanDuel,h2h,Sacramento Kings,1.53,
2024-12-20T03:10:00Z,Sacramento Kings,Los Angeles Lakers,FanDuel,spreads,Los Angeles Lakers,1.94,4.5
2024-12-20T03:10:00Z,Sacramento Kings,Los Angeles Lakers,FanDuel,spreads,Sacramento Kings,1.88,-4.5
2024-12-20T03:10:00Z,Sacramento Kings,Los Angeles Lakers,FanDuel,totals,Over,1.91,229.5
2024-12-20T03:10:00Z,Sacramento Kings,Los Angeles Lakers,FanDuel,totals,Under,1.91,229.5
2024-12-20T03:10:00Z,Sacramento Kings,Los Angeles Lakers,BetRivers,h2h,Los Angeles Lakers,2.5,
2024-12-20T03:10:00Z,Sacramento Kings,Los Angeles Lakers,BetRivers,h2h,Sacramento Kings,1.56,
2024-12-20T03:10:00Z,Sacramento Kings,Los Angeles Lakers,BetRivers,spreads,Los Angeles Lakers,1.93,4.5
2024-12-20T03:10:00Z,Sacramento Kings,Los Angeles Lakers,BetRivers,spreads,Sacramento Kings,1.88,-4.5
2024-12-20T03:10:00Z,Sacramento Kings,Los Angeles Lakers,BetRivers,totals,Over,1.88,230.5
2024-12-20T03:10:00Z,Sacramento Kings,Los Angeles Lakers,BetRivers,totals,Under,1.93,230.5
2024-12-20T03:10:00Z,Sacramento Kings,Los Angeles Lakers,BetMGM,h2h,Los Angeles Lakers,2.65,
2024-12-20T03:10:00Z,Sacramento Kings,Los Angeles Lakers,BetMGM,h2h,Sacramento Kings,1.5,
2024-12-20T03:10:00Z,Sacramento Kings,Los Angeles Lakers,BetMGM,spreads,Los Angeles Lakers,1.87,5.5
2024-12-20T03:10:00Z,Sacramento Kings,Los Angeles Lakers,BetMGM,spreads,Sacramento Kings,1.95,-5.5
2024-12-20T03:10:00Z,Sacramento Kings,Los Angeles Lakers,BetMGM,totals,Over,1.91,230.5
2024-12-20T03:10:00Z,Sacramento Kings,Los Angeles Lakers,BetMGM,totals,Under,1.91,230.5
2024-12-20T03:10:00Z,Sacramento Kings,Los Angeles Lakers,LowVig.ag,h2h,Los Angeles Lakers,2.7,
2024-12-20T03:10:00Z,Sacramento Kings,Los Angeles Lakers,LowVig.ag,h2h,Sacramento Kings,1.51,
2024-12-20T03:10:00Z,Sacramento Kings,Los Angeles Lakers,LowVig.ag,spreads,Los Angeles Lakers,1.94,5.0
2024-12-20T03:10:00Z,Sacramento Kings,Los Angeles Lakers,LowVig.ag,spreads,Sacramento Kings,1.94,-5.0
2024-12-20T03:10:00Z,Sacramento Kings,Los Angeles Lakers,LowVig.ag,totals,Over,1.93,230.0
2024-12-20T03:10:00Z,Sacramento Kings,Los Angeles Lakers,LowVig.ag,totals,Under,1.93,230.0
2024-12-20T03:10:00Z,Sacramento Kings,Los Angeles Lakers,BetOnline.ag,h2h,Los Angeles Lakers,2.7,
2024-12-20T03:10:00Z,Sacramento Kings,Los Angeles Lakers,BetOnline.ag,h2h,Sacramento Kings,1.51,
2024-12-20T03:10:00Z,Sacramento Kings,Los Angeles Lakers,BetOnline.ag,spreads,Los Angeles Lakers,1.91,5.0
2024-12-20T03:10:00Z,Sacramento Kings,Los Angeles Lakers,BetOnline.ag,spreads,Sacramento Kings,1.91,-5.0
2024-12-20T03:10:00Z,Sacramento Kings,Los Angeles Lakers,BetOnline.ag,totals,Over,1.91,230.0
2024-12-20T03:10:00Z,Sacramento Kings,Los Angeles Lakers,BetOnline.ag,totals,Under,1.91,230.0
2024-12-20T03:10:00Z,Sacramento Kings,Los Angeles Lakers,Bovada,h2h,Los Angeles Lakers,2.65,
2024-12-20T03:10:00Z,Sacramento Kings,Los Angeles Lakers,Bovada,h2h,Sacramento Kings,1.51,
2024-12-20T03:10:00Z,Sacramento Kings,Los Angeles Lakers,Bovada,spreads,Los Angeles Lakers,1.91,5.0
2024-12-20T03:10:00Z,Sacramento Kings,Los Angeles Lakers,Bovada,spreads,Sacramento Kings,1.91,-5.0
2024-12-20T03:10:00Z,Sacramento Kings,Los Angeles Lakers,Bovada,totals,Over,1.91,230.5
2024-12-20T03:10:00Z,Sacramento Kings,Los Angeles Lakers,Bovada,totals,Under,1.91,230.5
2024-12-20T03:10:00Z,Sacramento Kings,Los Angeles Lakers,BetUS,h2h,Los Angeles Lakers,2.63,
2024-12-20T03:10:00Z,Sacramento Kings,Los Angeles Lakers,BetUS,h2h,Sacramento Kings,1.53,
2024-12-20T03:10:00Z,Sacramento Kings,Los Angeles Lakers,BetUS,spreads,Los Angeles Lakers,1.91,5.0
2024-12-20T03:10:00Z,Sacramento Kings,Los Angeles Lakers,BetUS,spreads,Sacramento Kings,1.91,-5.0
2024-12-20T03:10:00Z,Sacramento Kings,Los Angeles Lakers,BetUS,totals,Over,1.91,230.5
2024-12-20T03:10:00Z,Sacramento Kings,Los Angeles Lakers,BetUS,totals,Under,1.91,230.5
2024-12-25T17:00:00Z,New York Knicks,San Antonio Spurs,DraftKings,h2h,New York Knicks,1.25,
2024-12-25T17:00:00Z,New York Knicks,San Antonio Spurs,DraftKings,h2h,San Antonio Spurs,4.1,
2024-12-25T17:00:00Z,New York Knicks,San Antonio Spurs,DraftKings,spreads,New York Knicks,1.91,-9.0
2024-12-25T17:00:00Z,New York Knicks,San Antonio Spurs,DraftKings,spreads,San Antonio Spurs,1.91,9.0
2024-12-25T17:00:00Z,New York Knicks,San Antonio Spurs,DraftKings,totals,Over,1.91,226.5
2024-12-25T17:00:00Z,New York Knicks,San Antonio Spurs,DraftKings,totals,Under,1.91,226.5
2024-12-25T17:00:00Z,New York Knicks,San Antonio Spurs,MyBookie.ag,h2h,New York Knicks,1.25,
2024-12-25T17:00:00Z,New York Knicks,San Antonio Spurs,MyBookie.ag,h2h,San Antonio Spurs,3.88,
2024-12-25T17:00:00Z,New York Knicks,San Antonio Spurs,MyBookie.ag,spreads,New York Knicks,1.91,-9.0
2024-12-25T17:00:00Z,New York Knicks,San Antonio Spurs,MyBookie.ag,spreads,San Antonio Spurs,1.91,9.0
2024-12-25T17:00:00Z,New York Knicks,San Antonio Spurs,MyBookie.ag,totals,Over,1.91,226.5
2024-12-25T17:00:00Z,New York Knicks,San Antonio Spurs,MyBookie.ag,totals,Under,1.91,226.5
2024-12-25T19:30:00Z,Dallas Mavericks,Minnesota Timberwolves,DraftKings,h2h,Dallas Mavericks,1.62,
2024-12-25T19:30:00Z,Dallas Mavericks,Minnesota Timberwolves,DraftKings,h2h,Minnesota Timberwolves,2.36,
2024-12-25T19:30:00Z,Dallas Mavericks,Minnesota Timberwolves,DraftKings,spreads,Dallas Mavericks,1.91,-3.5
2024-12-25T19:30:00Z,Dallas Mavericks,Minnesota Timberwolves,DraftKings,spreads,Minnesota Timberwolves,1.91,3.5
2024-12-25T19:30:00Z,Dallas Mavericks,Minnesota Timberwolves,DraftKings,totals,Over,1.91,227.0
2024-12-25T19:30:00Z,Dallas Mavericks,Minnesota Timberwolves,DraftKings,totals,Under,1.91,227.0
2024-12-25T19:30:00Z,Dallas Mavericks,Minnesota Timberwolves,MyBookie.ag,h2h,Dallas Mavericks,1.62,
2024-12-25T19:30:00Z,Dallas Mavericks,Minnesota Timberwolves,MyBookie.ag,h2h,Minnesota Timberwolves,2.27,
2024-12-25T19:30:00Z,Dallas Mavericks,Minnesota Timberwolves,MyBookie.ag,spreads,Dallas Mavericks,1.91,-3.5
2024-12-25T19:30:00Z,Dallas Mavericks,Minnesota Timberwolves,MyBookie.ag,spreads,Minnesota Timberwolves,1.91,3.5
2024-12-25T19:30:00Z,Dallas Mavericks,Minnesota Timberwolves,MyBookie.ag,totals,Over,1.91,227.0
2024-12-25T19:30:00Z,Dallas Mavericks,Minnesota Timberwolves,MyBookie.ag,totals,Under,1.91,227.0
2024-12-26T01:00:00Z,Golden State Warriors,Los Angeles Lakers,DraftKings,h2h,Golden State Warriors,1.54,
2024-12-26T01:00:00Z,Golden State Warriors,Los Angeles Lakers,DraftKings,h2h,Los Angeles Lakers,2.54,
2024-12-26T01:00:00Z,Golden State Warriors,Los Angeles Lakers,DraftKings,spreads,Golden State Warriors,1.91,-4.5
2024-12-26T01:00:00Z,Golden State Warriors,Los Angeles Lakers,DraftKings,spreads,Los Angeles Lakers,1.91,4.5
2024-12-26T01:00:00Z,Golden State Warriors,Los Angeles Lakers,DraftKings,totals,Over,1.91,234.0
2024-12-26T01:00:00Z,Golden State Warriors,Los Angeles Lakers,DraftKings,totals,Under,1.91,234.0
2024-12-26T01:00:00Z,Golden State Warriors,Los Angeles Lakers,MyBookie.ag,h2h,Golden State Warriors,1.51,
2024-12-26T01:00:00Z,Golden State Warriors,Los Angeles Lakers,MyBookie.ag,h2h,Los Angeles Lakers,2.51,
2024-12-26T01:00:00Z,Golden State Warriors,Los Angeles Lakers,MyBookie.ag,spreads,Golden State Warriors,1.91,-4.5
2024-12-26T01:00:00Z,Golden State Warriors,Los Angeles Lakers,MyBookie.ag,spreads,Los Angeles Lakers,1.91,4.5
2024-12-26T01:00:00Z,Golden State Warriors,Los Angeles Lakers,MyBookie.ag,totals,Over,1.91,234.0
2024-12-26T01:00:00Z,Golden State Warriors,Los Angeles Lakers,MyBookie.ag,totals,Under,1.91,234.0
2024-12-26T03:30:00Z,Phoenix Suns,Denver Nuggets,DraftKings,h2h,Denver Nuggets,2.1,
2024-12-26T03:30:00Z,Phoenix Suns,Denver Nuggets,DraftKings,h2h,Phoenix Suns,1.77,
2024-12-26T03:30:00Z,Phoenix Suns,Denver Nuggets,DraftKings,spreads,Denver Nuggets,1.91,2.0
2024-12-26T03:30:00Z,Phoenix Suns,Denver Nuggets,DraftKings,spreads,Phoenix Suns,1.91,-2.0
2024-12-26T03:30:00Z,Phoenix Suns,Denver Nuggets,DraftKings,totals,Over,1.91,227.5
2024-12-26T03:30:00Z,Phoenix Suns,Denver Nuggets,DraftKings,totals,Under,1.91,227.5
2024-12-26T03:30:00Z,Phoenix Suns,Denver Nuggets,MyBookie.ag,h2h,Denver Nuggets,1.99,
2024-12-26T03:30:00Z,Phoenix Suns,Denver Nuggets,MyBookie.ag,h2h,Phoenix Suns,1.8,
2024-12-26T03:30:00Z,Phoenix Suns,Denver Nuggets,MyBookie.ag,spreads,Denver Nuggets,1.91,2.0
2024-12-26T03:30:00Z,Phoenix Suns,Denver Nuggets,MyBookie.ag,spreads,Phoenix Suns,1.91,-2.0
2024-12-26T03:30:00Z,Phoenix Suns,Denver Nuggets,MyBookie.ag,totals,Over,1.91,227.5
2024-12-26T03:30:00Z,Phoenix Suns,Denver Nuggets,MyBookie.ag,totals,Under,1.91,227.5
